Date,Site,Nt Mutations,AA Mutations,Support DP,Total DP,Combined Freq,Overall Occurrence,Lineage Occurrence
1012026,BA.2_0.04_abundance_0.03,A437C;T670G,ORF1a:K58Q;ORF1a:S135R,410,1182,0.3468697123519458,5,BA.5.1.10:3;BA.2.10:1;BA.2.52:1
1012026,BA.2_0.04_abundance_0.03,C3429A;T3442A,ORF1a:T1055K;ORF1a:N1059K,190,896,0.2120535714285714,0,
1012026,BA.2_0.04_abundance_0.03,C3828A;T4122G,ORF1a:S1188*;ORF1a:I1286R,38,1081,0.0351526364477335,0,
1012026,BA.2_0.04_abundance_0.03,A5645G;A5684C,ORF1a:T1794A;ORF1a:M1807L,74,690,0.1072463768115942,0,
1012026,BA.2_0.04_abundance_0.03,T6140G;A6206C,ORF1a:F1959V;ORF1a:K1981Q,5,51,0.0980392156862745,0,
1012026,BA.2_0.04_abundance_0.03,A6206C;T6427G,ORF1a:K1981Q;ORF1a:N2054K,18,362,0.0497237569060773,0,
1012026,BA.2_0.04_abundance_0.03,G6349C;T6427G,ORF1a:L2028L;ORF1a:N2054K,37,610,0.060655737704918,0,
1012026,BA.2_0.04_abundance_0.03,C9344T;A9424G;G9482A;C9534T,ORF1a:L3027F;ORF1a:V3053V;ORF1a:E3073K;ORF1a:T3090I,160,593,0.2698145025295109,4,BA.5.2.2:1;BA.2:2;BA.5.2.1:1
1012026,BA.2_0.04_abundance_0.03,C9344T;A9424G;A9469T;C9534T,ORF1a:L3027F;ORF1a:V3053V;ORF1a:R3068S;ORF1a:T3090I,18,593,0.0303541315345699,0,
1012026,BA.2_0.04_abundance_0.03,C9344T;A9424G;C9534T;G9543C,ORF1a:L3027F;ORF1a:V3053V;ORF1a:T3090I;ORF1a:C3093S,14,453,0.0309050772626931,6,BF.1:6
1012026,BA.2_0.04_abundance_0.03,C9344T;A9424G;G9482A,ORF1a:L3027F;ORF1a:V3053V;ORF1a:E3073K,13,659,0.0197268588770864,5,BA.5.2.2:1;BA.2:2;BA.5.6:1;BA.5.2.1:1
1012026,BA.2_0.04_abundance_0.03,C9534T;T9703C,ORF1a:T3090I;ORF1a:I3146I,460,1903,0.2417235943247504,64,BA.2:49;BE.1.1:6;BF.21:4;BF.26:1;BA.5.2.1:2;BA.2.12.1:1;BA.2.37:1
1012026,BA.2_0.04_abundance_0.03,C9534T;T9590G,ORF1a:T3090I;ORF1a:Y3109D,325,1903,0.1707829742511823,0,
1012026,BA.2_0.04_abundance_0.03,C9534T;T9590G;T9703C,ORF1a:T3090I;ORF1a:Y3109D;ORF1a:I3146I,183,1903,0.0961639516552811,0,
1012026,BA.2_0.04_abundance_0.03,C9534T;G9543C,ORF1a:T3090I;ORF1a:C3093S,30,2356,0.0127334465195246,6,BF.1:6
1012026,BA.2_0.04_abundance_0.03,A10581C;C10725T,ORF1a:D3439A;ORF1a:T3487I,53,359,0.1476323119777158,0,
1012026,BA.2_0.04_abundance_0.03,T12481G;C12560G,ORF1a:V4072V;ORF1a:Q4099E,51,1897,0.0268845545598313,0,
1012026,BA.2_0.04_abundance_0.03,T12481G;A12571C,ORF1a:V4072V;ORF1a:V4102V,73,1897,0.0384818133895624,0,
1012026,BA.2_0.04_abundance_0.03,T12481G;C12560G;A12571C,ORF1a:V4072V;ORF1a:Q4099E;ORF1a:V4102V,19,1897,0.0100158144438587,0,
1012026,BA.2_0.04_abundance_0.03,C12560G;A12571C,ORF1a:Q4099E;ORF1a:V4102V,65,1898,0.0342465753424657,0,
1012026,BA.2_0.04_abundance_0.03,T13474C;G13570A,ORF1b:C3R;ORF1b:G35S,24,186,0.1290322580645161,0,
1012026,BA.2_0.04_abundance_0.03,G13570A;A13589C,ORF1b:G35S;ORF1b:K41T,8,186,0.043010752688172,0,
1012026,BA.2_0.04_abundance_0.03,T13955C;C14177T,ORF1b:L163S;ORF1b:T237I,39,981,0.0397553516819571,0,
1012026,BA.2_0.04_abundance_0.03,C14408T;T14552A,ORF1b:P314L;ORF1b:L362*,172,934,0.1841541755888651,0,
1012026,BA.2_0.04_abundance_0.03,C14408T;T14441G,ORF1b:P314L;ORF1b:F325C,122,1172,0.1040955631399317,133,B.1.429:113;BA.2:8;XBB.1:1;AY.4:1;BA.5.2:4;AY.126:1;AY.44:1;AY.120.2:1;BA.1:1;BA.1.1.17:1;BA.1.1:1
1012026,BA.2_0.04_abundance_0.03,C14408T;T14441G;T14552A,ORF1b:P314L;ORF1b:F325C;ORF1b:L362*,27,934,0.0289079229122055,0,
1012026,BA.2_0.04_abundance_0.03,T14660A;C14790T,ORF1b:F398Y;ORF1b:I441I,9,435,0.0206896551724137,0,
1012026,BA.2_0.04_abundance_0.03,T17016A;C17104G,ORF1b:D1183E;ORF1b:H1213D,304,1427,0.2130343377715487,0,
1012026,BA.2_0.04_abundance_0.03,C17104G;C17410T,ORF1b:H1213D;ORF1b:R1315C,544,1045,0.5205741626794258,0,
1012026,BA.2_0.04_abundance_0.03,C17410T;G17596A,ORF1b:R1315C;ORF1b:A1377T,33,292,0.1130136986301369,114,BA.2:41;BA.2.9:35;BA.5.1.6:1;BA.4:2;BA.2.36:17;BF.5:4;XBB.1:2;BA.4.5:1;BQ.1.1:1;BF.10:1;BA.5.2.1:4;BA.5.2:1;BA.4.6:1;BA.5.1.22:2;BA.5.1:1
1012026,BA.2_0.04_abundance_0.03,T19632G;G19681C,ORF1b:N2055K;ORF1b:E2072Q,10,99,0.101010101010101,0,
1012026,BA.2_0.04_abundance_0.03,C21933A;G21987A,S:T124N;S:G142D,107,893,0.1198208286674132,82,AY.103:4;AY.4:12;B.1.617.1:1;BA.5.2.1:4;AY.6:8;AY.4.2:7;AY.3:2;BE.1.1:4;AY.44:1;BQ.1.1.7:10;BA.5.1:1;BA.4.6.5:2;BE.1:4;BA.4.1:1;BA.5.2:1;BA.5.1.22:1;AY.122:1;AY.20:1;B.1.617.2:1;BF.1:1;AY.43:2;AY.117:1;BQ.1.3:1;BA.2.12.1:1;AY.100:4;BA.2:1;AY.25:1;AY.45:1;CC.1:1;BF.7:1;AY.4.2.1:1
1012026,BA.2_0.04_abundance_0.03,A22148C;T22200G,S:N196H;S:V213G,116,488,0.2377049180327868,0,
1012026,BA.2_0.04_abundance_0.03,T24279A;A24424T,S:F906Y;S:Q954H,180,564,0.3191489361702128,0,
1012026,BA.2_0.04_abundance_0.03,A24935G;T24960A;A24970C;C25000T,S:N1125D;S:V1133D;S:T1136T;S:D1146D,45,1215,0.037037037037037,0,
1012026,BA.2_0.04_abundance_0.03,A24935G;C25000T,S:N1125D;S:D1146D,57,1215,0.0469135802469135,42,BA.2.9:4;BA.4.1:1;BA.5.6:1;BA.4.6:1;BA.1.1:23;BF.27:1;BA.1.15:1;BA.2:2;BA.1.1.18:1;BQ.1.10:1;BA.5.1:1;BA.5.2:2;BA.1.17.2:1;BA.5:1;BA.2.12.1:1
1012026,BA.2_0.04_abundance_0.03,A24935G;T24960A;C25000T,S:N1125D;S:V1133D;S:D1146D,106,1215,0.0872427983539094,0,
1012026,BA.2_0.04_abundance_0.03,A24935G;A24970C;C25000T,S:N1125D;S:T1136T;S:D1146D,28,1215,0.0230452674897119,0,
1012026,BA.2_0.04_abundance_0.03,T24960A;A24970C;C25000T,S:V1133D;S:T1136T;S:D1146D,164,1215,0.1349794238683127,0,
1012026,BA.2_0.04_abundance_0.03,T24960A;C25000T,S:V1133D;S:D1146D,388,1215,0.3193415637860082,3,BA.2:1;BA.5:1;BA.5.2:1
1012026,BA.2_0.04_abundance_0.03,A24970C;C25000T,S:T1136T;S:D1146D,131,1215,0.1078189300411522,15,BA.1:3;BA.2:8;BF.26:1;BA.5.2:1;BA.2.32:1;BA.1.1:1
1012026,BA.2_0.04_abundance_0.03,T25999G;C26270T,ORF3a:L203V;E:T9I,6,37,0.1621621621621621,13,BA.1.17.2:8;BA.1.1:2;BA.2:1;BA.5.1.23:1;BA.4.1.8:1
1012026,BA.2_0.04_abundance_0.03,C26270T;C26276G,E:T9I;E:T11R,8,21,0.3809523809523809,0,
1012026,BA.2_0.04_abundance_0.03,C26577G;G26686T;G26709A;C26858T,M:Q19E;M:W55L;M:A63T;M:F112F,52,1629,0.0319214241866175,9,BA.2.12.1:1;BA.2:5;BA.2.10:2;BA.2.9:1
1012026,BA.2_0.04_abundance_0.03,A27259C;A27357C;G27382C;A27383T;T27384C,ORF6:R20R;ORF6:L52F;ORF6:D61H;ORF6:D61V;ORF6:D61D,257,832,0.3088942307692308,0,
1012026,BA.2_0.04_abundance_0.03,A27259C;T27285A;G27382C;A27383T;T27384C,ORF6:R20R;ORF6:N28K;ORF6:D61H;ORF6:D61V;ORF6:D61D,63,832,0.0757211538461538,3,BA.2.12.1:1;BA.2:2
1012026,BA.2_0.04_abundance_0.03,A27259C;T27285A;A27357C;G27382C;A27383T;T27384C,ORF6:R20R;ORF6:N28K;ORF6:L52F;ORF6:D61H;ORF6:D61V;ORF6:D61D,31,832,0.0372596153846153,0,
1012026,BA.2_0.04_abundance_0.03,A27259C;A27357C,ORF6:R20R;ORF6:L52F,19,896,0.0212053571428571,0,
1012026,BA.2_0.04_abundance_0.03,C28311T;T28324G,N:P13L;N:F17L,2125,4204,0.5054709800190295,7,BA.5.2:1;BA.1.1.1:2;BA.1.1:4
1012026,BA.2_0.04_abundance_0.03,A29450T;A29510C,N:T393S;N:S413R,73,851,0.0857814336075205,0,
1082026,BA.2_0.04_abundance_0.03,T670G;G804C,ORF1a:S135R;ORF1a:G180A,5,239,0.0209205020920502,1,BF.10:1
1082026,BA.2_0.04_abundance_0.03,A3512C;T3757C,ORF1a:M1083L;ORF1a:V1164V,11,330,0.0333333333333333,0,
1082026,BA.2_0.04_abundance_0.03,T3757C;G3800T,ORF1a:V1164V;ORF1a:D1179Y,40,314,0.1273885350318471,1,BA.2:1
1082026,BA.2_0.04_abundance_0.03,T7098C;G7115C,ORF1a:I2278T;ORF1a:G2284R,15,574,0.0261324041811846,0,
1082026,BA.2_0.04_abundance_0.03,A9259G;C9344T;A9424G;C9534T,ORF1a:V2998V;ORF1a:L3027F;ORF1a:V3053V;ORF1a:T3090I,27,591,0.0456852791878172,724,BA.2.18:3;BA.2.65:15;BA.5.2.1:13;BA.5.1:32;BA.5.2:51;BA.5.1.22:70;BF.10:3;BQ.1.13:4;BQ.1.1:2;BA.2:167;BA.2.12.1:32;BA.5.1.1:8;BA.5.1.24:1;BA.5.1.5:7;BF.15:1;BA.2.75.2:1;BA.2.75:116;BE.1.1:10;BA.5.3.1:1;BN.1.3:18;BA.2.13:2;BA.4.6:11;BA.5:2;XBB.1.1:1;BA.5.1.3:8;BA.5.5:45;BE.3:1;BA.2.3:35;BA.5.1.12:1;BF.5:4;BA.2.36:9;BA.2.33:1;BA.2.38.2:1;BQ.1.1.18:1;BA.2.2:7;XBB.1:3;BA.5.2.16:2;BA.2.9.5:2;BA.2.10:3;BF.26:1;BA.5.2.8:1;BF.7.5.1:1;BF.8:1;BE.1:2;BA.2.1:1;BE.7:1;BA.2.3.1:1;BA.2.37:1;BE.5:1;BQ.1.1.4:1;XBB.3:5;BA.5.1.25:3;BF.3:1;BA.2.9:2;BA.4.2:1;BQ.1.16:1;BA.5.1.2:2;BA.5.2.3:2;CA.3:1
1082026,BA.2_0.04_abundance_0.03,A9259G;C9344T;A9424G,ORF1a:V2998V;ORF1a:L3027F;ORF1a:V3053V,9,715,0.0125874125874125,738,BA.2.18:3;BA.2.65:15;BA.5.2.1:13;BA.5.1:32;BA.5.2:52;BA.5.1.22:70;BF.10:3;BQ.1.13:4;BQ.1.1:2;BA.2:171;BA.2.12.1:32;BA.5.1.1:8;BA.5.1.24:1;BA.5.1.5:7;BF.15:1;BA.2.75.2:1;BA.2.75:121;BE.1.1:10;BA.5.3.1:1;BN.1.3:18;BA.2.13:2;BA.4.6:11;BA.5:2;XBB.1.1:1;BA.5.1.3:9;BA.5.5:45;BE.3:1;BA.2.3:37;BA.5.1.12:1;BF.5:4;BA.2.36:9;BA.2.9:3;BA.2.33:1;BA.2.38.2:1;BQ.1.1.18:1;BA.2.2:7;XBB.1:3;BA.5.2.16:2;BA.2.9.5:2;BA.2.10:3;BF.26:1;BA.5.2.8:1;BF.7.5.1:1;BF.8:1;BE.1:2;BA.2.1:1;BE.7:1;BA.2.3.1:1;BA.2.37:1;BE.5:1;BQ.1.1.4:1;XBB.3:5;BA.5.1.25:3;BF.3:1;BA.4.2:1;BQ.1.16:1;BA.5.1.2:2;BA.5.2.3:2;CA.3:1
1082026,BA.2_0.04_abundance_0.03,A9274C;C9344T;A9424G,ORF1a:R3003S;ORF1a:L3027F;ORF1a:V3053V,25,715,0.0349650349650349,0,
1082026,BA.2_0.04_abundance_0.03,A9274C;C9344T;A9424G;C9534T,ORF1a:R3003S;ORF1a:L3027F;ORF1a:V3053V;ORF1a:T3090I,122,591,0.2064297800338409,0,
1082026,BA.2_0.04_abundance_0.03,C9534T;C9636T,ORF1a:T3090I;ORF1a:A3124V,159,2113,0.0752484619025082,64,BA.2.56:12;BA.2:6;BA.5.1:7;BA.5.1.23:1;BA.2.9:3;BA.5.5:1;BF.7.6:1;BA.2.12:1;BF.10:3;BA.2.12.1:3;BA.5.2:3;BE.1:1;BA.5.2.1:8;BA.5.2.2:1;BF.11:1;BA.4.6:6;BA.5.2.28:1;BA.2.18:1;XAZ:1;BA.2.67:2;XBB.1:1
1082026,BA.2_0.04_abundance_0.03,T11118A;T11324C,ORF1a:I3618N;ORF1a:S3687P,25,2232,0.0112007168458781,0,
1082026,BA.2_0.04_abundance_0.03,A12825T;C12880T,ORF1a:D4187V;ORF1a:I4205I,126,1168,0.1078767123287671,0,
1082026,BA.2_0.04_abundance_0.03,C12880T;T13069A,ORF1a:I4205I;ORF1a:S4268S,9,49,0.1836734693877551,20,BA.2.3:1;BA.5.2.1:7;BA.2.10:1;BA.5.2:2;BE.1.1:8;BA.2:1
1082026,BA.2_0.04_abundance_0.03,T13069A;A13099T,ORF1a:S4268S;ORF1a:K4278N,24,1123,0.0213713268032057,0,
1082026,BA.2_0.04_abundance_0.03,G14023C;A14213T,ORF1b:A186P;ORF1b:D249V,65,297,0.2188552188552188,0,
1082026,BA.2_0.04_abundance_0.03,T14305C;T14387C;C14408T,ORF1b:Y280H;ORF1b:L307S;ORF1b:P314L,560,2988,0.1874163319946452,0,
1082026,BA.2_0.04_abundance_0.03,T14387C;C14408T,ORF1b:L307S;ORF1b:P314L,1597,2988,0.534471218206158,1,AY.26:1
1082026,BA.2_0.04_abundance_0.03,A14582T;T14887A,ORF1b:H372L;ORF1b:Y474N,7,187,0.0374331550802139,0,
1082026,BA.2_0.04_abundance_0.03,T14983C;A15052G,ORF1b:Y506H;ORF1b:T529A,29,173,0.1676300578034682,0,
1082026,BA.2_0.04_abundance_0.03,C15712T;C15714T,ORF1b:L749F;ORF1b:L749L,977,2710,0.3605166051660516,3,BA.5.2:1;BA.5:1;BA.2:1
1082026,BA.2_0.04_abundance_0.03,C15924T;A15932T,ORF1b:Y819Y;ORF1b:Y822F,16,1067,0.0149953139643861,0,
1082026,BA.2_0.04_abundance_0.03,A17367C;C17410T,ORF1b:S1300S;ORF1b:R1315C,2095,3669,0.5710002725538293,19,BF.1:15;BA.2.3.18:2;BA.2.3.1:2
1082026,BA.2_0.04_abundance_0.03,C17410T;A17484T,ORF1b:R1315C;ORF1b:T1339T,16,184,0.0869565217391304,32,BA.2:31;BA.2.22:1
1082026,BA.2_0.04_abundance_0.03,C17410T;A17464T;A17484T,ORF1b:R1315C;ORF1b:T1333S;ORF1b:T1339T,6,184,0.0326086956521739,0,
1082026,BA.2_0.04_abundance_0.03,C17410T;A17464T,ORF1b:R1315C;ORF1b:T1333S,37,184,0.2010869565217391,0,
1082026,BA.2_0.04_abundance_0.03,C17410T;A17532C,ORF1b:R1315C;ORF1b:I1355I,5,184,0.0271739130434782,2,BA.2:2
1082026,BA.2_0.04_abundance_0.03,A17464T;A17484T,ORF1b:T1333S;ORF1b:T1339T,32,1631,0.0196198651134273,1,B.1.1.7:1
1082026,BA.2_0.04_abundance_0.03,T18159C;A18163G,ORF1b:V1564V;ORF1b:I1566V,215,1046,0.2055449330783939,97,BA.2:9;BA.5.1:9;BQ.1.1.22:1;BA.5.2.1:8;BQ.1.1:4;BA.1.15:4;CH.1.1:3;BF.7:19;BA.1.20:7;BA.5.2.19:2;BA.5.2:1;BA.1:2;BA.2.3:1;BA.1.1:6;BA.1.8:3;BA.2.12.1:2;BF.10:2;BA.1.18:5;BA.5.2.44:1;BA.2.1:2;BQ.1.18:1;BA.1.17:1;BA.2.10:1;BA.1.15.1:2;BA.2.43:1
1082026,BA.2_0.04_abundance_0.03,T18159C;A18163G;A18193T,ORF1b:V1564V;ORF1b:I1566V;ORF1b:R1576*,32,1046,0.0305927342256214,0,
1082026,BA.2_0.04_abundance_0.03,A18163G;A18193T,ORF1b:I1566V;ORF1b:R1576*,111,1046,0.1061185468451242,0,
1082026,BA.2_0.04_abundance_0.03,T18465C;C18599G,ORF1b:P1666P;ORF1b:A1711G,142,1234,0.1150729335494327,0,
1082026,BA.2_0.04_abundance_0.03,T18465C;A18496G,ORF1b:P1666P;ORF1b:M1677V,16,1340,0.0119402985074626,0,
1082026,BA.2_0.04_abundance_0.03,A18496G;C18599G,ORF1b:M1677V;ORF1b:A1711G,27,1234,0.0218800648298217,0,
1082026,BA.2_0.04_abundance_0.03,T23355G;A23403G;C23423T,S:I598R;S:D614G;S:P621S,57,1334,0.0427286356821589,0,
1082026,BA.2_0.04_abundance_0.03,T23355G;A23403G,S:I598R;S:D614G,23,1334,0.0172413793103448,0,
1082026,BA.2_0.04_abundance_0.03,C24421A;A24424T,S:N953K;S:Q954H,23,141,0.1631205673758865,1,BA.1.1:1
1082026,BA.2_0.04_abundance_0.03,C24421A;A24424T;T24469A,S:N953K;S:Q954H;S:N969K,41,97,0.422680412371134,1,BA.1.1:1
1082026,BA.2_0.04_abundance_0.03,C24421A;A24424T;T24469A;G24712C,S:N953K;S:Q954H;S:N969K;S:M1050I,7,91,0.0769230769230769,0,
1082026,BA.2_0.04_abundance_0.03,A24424T;T24469A;G24712C,S:Q954H;S:N969K;S:M1050I,17,145,0.1172413793103448,18,BA.5.5:2;BA.1:3;BA.2.3.13:5;BA.1.1:3;BA.1.1.18:4;BA.2.9:1
1082026,BA.2_0.04_abundance_0.03,T24469A;G24712C,S:N969K;S:M1050I,84,694,0.1210374639769452,19,BA.5.5:2;BA.1:3;BA.2.3.13:5;BA.1.1:3;BA.1.1.18:4;BA.2:1;BA.2.9:1
1082026,BA.2_0.04_abundance_0.03,A24819C;A24874C;C25000T,S:K1086T;S:V1104V;S:D1146D,51,3496,0.0145881006864988,0,
1082026,BA.2_0.04_abundance_0.03,A24819C;C25000T,S:K1086T;S:D1146D,82,3496,0.0234553775743707,2,BA.1.1.2:1;BA.2.12.1:1
1082026,BA.2_0.04_abundance_0.03,T24870G;C25000T,S:F1103C;S:D1146D,391,3498,0.1117781589479702,3,BA.1.18:1;BA.1.1:1;BA.1.15:1
1082026,BA.2_0.04_abundance_0.03,T24870G;A24874C;C25000T,S:F1103C;S:V1104V;S:D1146D,205,3498,0.0586049170954831,0,
1082026,BA.2_0.04_abundance_0.03,A24874C;C25000T,S:V1104V;S:D1146D,991,3498,0.2833047455688965,1,BA.2:1
1082026,BA.2_0.04_abundance_0.03,A25420G;C25584T,ORF3a:I10V;ORF3a:T64T,178,1946,0.0914696813977389,62,BA.2:13;BA.2.3:1;BQ.1.3:1;BA.2.9:10;BA.1.1.1:3;BQ.1:2;BA.1.1.2:2;BA.2.52:1;BF.4:2;BA.1.1:10;BE.1.1:2;BA.1.15:2;BA.2.12.1:1;BA.5.1.22:2;BA.2.10:1;BA.5.2:4;BA.2.7:1;BK.1:2;BQ.1.1:1;BA.2.9.3:1
1082026,BA.2_0.04_abundance_0.03,T26099A;C26270T,ORF3a:I236N;E:T9I,154,844,0.1824644549763033,1,BA.4:1
1082026,BA.2_0.04_abundance_0.03,G26144C;C26270T,ORF3a:G251A;E:T9I,14,844,0.0165876777251184,0,
1082026,BA.2_0.04_abundance_0.03,A26563T;C26577G;G26709A;C26858T,M:K14I;M:Q19E;M:A63T;M:F112F,479,3272,0.1463936430317848,0,
1082026,BA.2_0.04_abundance_0.03,A26563T;C26577G;G26709A,M:K14I;M:Q19E;M:A63T,93,3716,0.02502691065662,0,
1082026,BA.2_0.04_abundance_0.03,A26563T;C26577G;G26709A;C26835A;C26858T,M:K14I;M:Q19E;M:A63T;M:R105S;M:F112F,205,3272,0.0626528117359413,0,
1082026,BA.2_0.04_abundance_0.03,C26577G;G26709A;C26835A;C26858T,M:Q19E;M:A63T;M:R105S;M:F112F,749,3346,0.2238493723849372,8,BA.2:8
1082026,BA.2_0.04_abundance_0.03,C26577G;G26709A;C26835A,M:Q19E;M:A63T;M:R105S,50,3528,0.014172335600907,10,BA.1.18:1;BA.2:8;BA.1:1
1082026,BA.2_0.04_abundance_0.03,T27757C;C27807T,ORF7a:*122ArgexX;ORF7b:L18L,19,329,0.0577507598784194,113,BA.5.6:2;BA.5:2;BA.2.3:4;BA.2.5:5;BE.1.1:1;BA.2.3.20:1;BQ.1.23:1;BA.1:4;BA.1.15:1;BA.2.52:10;BA.1.1:12;BA.1.13.1:9;BF.24:2;BA.5.1:9;XBB.1.5:1;BA.2:18;BA.4:1;BA.2.75:8;BA.5.1.12:1;BA.2.9:1;BQ.1.1.18:1;BA.1.17:1;BQ.1.22:2;BF.10:1;BA.1.10:6;CM.2:1;BA.5.2.1:1;BA.5.2:3;BA.4.6:2;BA.1.17.2:1;BA.2.12.1:1
1152026,BA.2_0.04_abundance_0.03,T670G;G709A,ORF1a:S135R;ORF1a:E148E,142,819,0.1733821733821733,252,BA.2:32;BA.2.9:23;BA.5.1:9;BA.5.2.36:3;BF.7:49;BF.21:27;BA.5.5:1;BF.8:10;BQ.1.13:1;BA.5.2.16:1;BA.5.10:1;BA.2.12.1:10;BA.5.2.1:7;BA.5.6:2;BE.1.1:5;BA.2.75:3;BF.7.4:2;BA.5.2:28;BQ.1.1.2:1;BQ.1.1:2;BF.5:5;BQ.1.2:1;BA.5.5.2:1;BQ.1.10:3;BA.2.3:2;BQ.1.26:1;BA.5.2.3:2;BN.1.3:1;CN.1:3;BA.2.65:1;BA.2.37:1;BA.5.1.1:1;BA.2.76:2;BF.11.3:1;BA.2.36:1;BQ.1.1.4:2;BA.2.38:1;BF.9:1;BA.2.24:1;BA.5.1.22:1;BQ.1.3:1;BA.5.2.20:1;BA.4.4:1
1152026,BA.2_0.04_abundance_0.03,A7112G;A7196T,ORF1a:T2283A;ORF1a:I2311F,28,1227,0.0228198859005704,0,
1152026,BA.2_0.04_abundance_0.03,G10447A;A10622T,ORF1a:R3394R;ORF1a:T3453S,554,1444,0.3836565096952908,8,BA.5.2:1;BA.2:2;BA.2.74:1;BA.2.12.1:2;BA.4.6:1;BA.4.1.1:1
1152026,BA.2_0.04_abundance_0.03,A11141G;T11253G,ORF1a:M3626V;ORF1a:I3663S,27,413,0.0653753026634382,0,
1152026,BA.2_0.04_abundance_0.03,C12252A;C12284G,ORF1a:A3996D;ORF1a:Q4007E,32,174,0.1839080459770115,0,
1152026,BA.2_0.04_abundance_0.03,T12799C;C12880T,ORF1a:G4178G;ORF1a:I4205I,196,580,0.3379310344827586,26,BA.5.2.1:19;BA.4:3;BA.4.6:1;BA.2:2;BA.5.1.2:1
1152026,BA.2_0.04_abundance_0.03,T12799C;G12866C;C12880T,ORF1a:G4178G;ORF1a:G4201R;ORF1a:I4205I,8,580,0.0137931034482758,0,
1152026,BA.2_0.04_abundance_0.03,G12866C;C12880T,ORF1a:G4201R;ORF1a:I4205I,15,580,0.0258620689655172,1,BA.2.9:1
1152026,BA.2_0.04_abundance_0.03,G16837C;A16978C,ORF1b:E1124Q;ORF1b:R1171R,40,1078,0.0371057513914656,0,
1152026,BA.2_0.04_abundance_0.03,T16849C;A16978C,ORF1b:Y1128H;ORF1b:R1171R,32,1078,0.0296846011131725,0,
1152026,BA.2_0.04_abundance_0.03,A17275G;C17410T,ORF1b:K1270E;ORF1b:R1315C,427,1942,0.2198764160659114,1,BA.5.1.22:1
1152026,BA.2_0.04_abundance_0.03,C17410T;A17460G,ORF1b:R1315C;ORF1b:P1331P,7,207,0.0338164251207729,1049,XBB.1:2;BA.2.9:56;BQ.1.1.3:1;BA.5.1.10:3;BA.2.10:1;BA.5.2.1:15;BA.5.1:15;BA.5.2:21;BQ.1.1:3;BA.2:783;BA.2.12.1:11;BF.7:2;BA.4.6:77;BA.5.3.2:1;BA.4:7;BF.21:3;BA.2.3:22;BN.1.9:1;BE.1.1:2;BA.2.75:4;BA.5.2.21:1;BQ.1.1.18:2;BA.5.1.23:1;BF.5:1;BA.4.6.5:1;BA.5.5:1;BA.2.40.1:3;BA.2.3.14:1;BA.4.1:4;BA.2.52:1;BA.2.3.2:1;BA.2.76:1;BA.2.17:1
1152026,BA.2_0.04_abundance_0.03,A18163G;C18293A,ORF1b:I1566V;ORF1b:A1609E,80,256,0.3125,0,
1152026,BA.2_0.04_abundance_0.03,A18163G;T18203G,ORF1b:I1566V;ORF1b:I1579S,15,276,0.0543478260869565,1,BA.2.3:1
1152026,BA.2_0.04_abundance_0.03,A18163G;T18203G;C18293A,ORF1b:I1566V;ORF1b:I1579S;ORF1b:A1609E,6,256,0.0234375,0,
1152026,BA.2_0.04_abundance_0.03,C18293A;T18373G,ORF1b:A1609E;ORF1b:S1636A,14,233,0.0600858369098712,0,
1152026,BA.2_0.04_abundance_0.03,A18673G;A18868T,ORF1b:R1736G;ORF1b:T1801S,215,1745,0.1232091690544412,0,
1152026,BA.2_0.04_abundance_0.03,T21751G;G21987A,S:T63T;S:G142D,49,905,0.0541436464088397,272,BA.2:14;BA.5.2.27:2;BF.5:1;BF.31:1;BA.2.3.1:236;BA.5.2:4;AY.30:1;BA.5.1.1:1;BA.5.1:1;BA.2.12.1:1;AY.5:2;AY.100:3;AY.4.5:1;BA.5.2.9:1;AY.37:1;AY.119:1;AY.69:1
1152026,BA.2_0.04_abundance_0.03,T21751G;A21783C;G21987A,S:T63T;S:N74T;S:G142D,22,905,0.0243093922651933,0,
1152026,BA.2_0.04_abundance_0.03,A21783C;G21987A,S:N74T;S:G142D,186,905,0.205524861878453,29,AY.44:1;BA.2:2;AY.4:9;AY.26:2;XBB.1:1;BA.5.6:2;AY.4.2:2;BA.5.2.1:2;BA.2.7:1;AY.4.7:2;B.1.617.2:1;BA.4.6:3;AY.43:1
1152026,BA.2_0.04_abundance_0.03,A23403G;T23455G,S:D614G;S:P631P,195,1916,0.1017745302713987,1,BA.1.1:1
1152026,BA.2_0.04_abundance_0.03,T23599G;C23604A;G23663T,S:N679K;S:P681H;S:A701S,42,194,0.2164948453608247,2618,BA.2.18:4;BA.1.1:27;BA.2:14;BQ.1.1.4:29;BA.1.14:8;BF.28:2312;BA.5.2.1:95;BA.4.1:2;BA.2.9:42;BA.5.6:2;BQ.1.26:1;BA.4.1.8:4;BA.1:14;BA.5.2.8:2;BA.5.2:8;BA.5.5:1;BA.1.15:5;BA.2.3:2;BA.2.12.1:3;BA.1.15.1:1;BA.2.75:3;BA.1.1.16:1;BA.4.6.5:4;BQ.1:3;XBB.1.5:1;BA.1.1.10:2;BQ.1.1.17:1;BQ.1.1:3;BF.7:1;BA.5.1.22:1;BA.1.17:1;BA.5.1:4;BA.1.1.18:1;BA.4.4:1;BA.4.6:2;BF.5:1;BA.4.1.1:2;BA.5.1.3:1;BA.2.38:1;BA.2.10:1;BF.1:3;BE.3:1;BA.5.2.21:3
1152026,BA.2_0.04_abundance_0.03,G24293T;A24424T,S:V911F;S:Q954H,47,775,0.0606451612903225,1,BA.1.15:1
1152026,BA.2_0.04_abundance_0.03,T25428C;C25584T,ORF3a:T12T;ORF3a:T64T,316,2915,0.1084048027444253,161,BA.2:79;BA.2.9:7;BA.5:2;XBB:2;BA.1.17:2;BQ.1:3;BA.5.3.1:2;BA.5.2.1:4;BA.4.1:2;BA.4.4:3;BN.1.5:1;BA.1:5;BA.5.2:5;BF.5:2;BA.2.75:1;BA.5.2.12:1;BA.1.1:3;BA.1.15.1:27;XBB.1:1;BA.2.12.1:1;BA.2.3.12:2;BQ.1.12:1;BA.4:1;BA.5.1:1;BF.7.5:2;BE.1:1
1152026,BA.2_0.04_abundance_0.03,C25584T;T25633C,ORF3a:T64T;ORF3a:C81R,90,1480,0.0608108108108108,23,BA.1:2;BA.2:1;BA.1.17.2:3;BA.2.25:1;BA.1.1:8;BA.1.1.1:2;BA.2.12.1:1;BA.5.1:1;BA.1.18:1;BE.1.1:1;BA.5.2.1:1;BA.5:1
1152026,BA.2_0.04_abundance_0.03,A26077C;C26270T,ORF3a:T229P;E:T9I,22,91,0.2417582417582417,0,
1152026,BA.2_0.04_abundance_0.03,C26858T;C26947G,M:F112F;M:A142G,7,49,0.1428571428571428,1,BA.2.12.1:1
1152026,BA.2_0.04_abundance_0.03,A28145G;C28311T,ORF8:L84L;N:P13L,760,3048,0.2493438320209973,129,BA.2:13;BF.26:7;BA.4.6:1;BA.2.56:5;BA.1.1:22;BF.28:1;BA.5.2.1:8;BA.1:9;BA.5.2:20;BA.2.3:2;BA.2.10:3;BA.2.75:2;BQ.1.12:8;BA.5.1.4:1;BA.5.1:3;BE.1.1:9;BF.5:2;BA.2.12.1:2;BA.1.15:2;BA.1.1.18:3;BA.2.12:2;BQ.1.1.3:1;BA.2.18:1;BF.8:1;BC.1:1
1152026,BA.2_0.04_abundance_0.03,G28881A;G28882A;G28883C;T28891C,N:R203K;N:R203R;N:G204R;N:S206S,370,543,0.6813996316758748,780,XE:53;BA.5.2:285;BA.2.9:20;BG.2:7;P.1.14:12;BA.5.6:17;BA.5.2.1:16;B.1.1.7:49;BQ.1.1:11;BA.2:73;BA.2.12.1:25;BA.4.1:4;BA.2.76:7;BA.2.1:5;BE.1.1:9;BA.1.17:1;BA.5.1.23:2;B.1.1:2;BA.2.10:1;BA.1.15.2:1;BQ.1.1.19:1;BA.4:2;BA.5.1:6;BA.5.2.20:3;BA.1.1:38;BA.2.3:8;BQ.1.1.18:6;BA.5.2.37:3;B.1.1.416:1;B.1.1.28:7;BF.14:4;BA.1:6;BQ.1.1.7:1;B.1.1.317:7;BA.5.1.30:8;BA.2.18:3;BA.1.17.2:3;BQ.1.1.6:1;CK.3:1;P.1:12;BA.5.3.2:1;BA.5.2.26:5;BA.1.20:3;B.1.1.429:1;BA.1.15:3;BF.11:3;BA.5.5:6;BA.5.2.32:13;BF.7:3;BQ.1:3;B.1.1.519:3;BF.2:1;BA.5:2;B.1.1.33:1;BA.1.18:1;C.36:1;BA.4.6:2;B.1.1.306:2;CL.1:1;BA.5.3:1;BA.2.6:1;BA.5.1.22:2
1152026,BA.2_0.04_abundance_0.03,A29385G;A29433G;A29510C,N:D371G;N:K387R;N:S413R,17,44,0.3863636363636363,0,
1152026,BA.2_0.04_abundance_0.03,A29385G;A29510C,N:D371G;N:S413R,13,44,0.2954545454545454,23,BF.5:1;BA.5.2:2;BA.4.1:6;BQ.1.1.22:2;BA.2:5;BA.5.5:2;BA.5.2.1:2;BA.2.12.1:1;BF.7:1;BQ.1.1.24:1
1152026,BA.2_0.04_abundance_0.03,A29433G;A29510C,N:K387R;N:S413R,5,44,0.1136363636363636,817,BA.2:144;BA.5.1:63;BA.4.6:5;BA.5.2.1:303;BA.5.5:3;BA.2.9:33;BA.5.1.24:1;BA.2.56:2;BF.4:1;BA.5:11;BA.5.2.6:34;BA.5.2:35;BA.2.24:5;BQ.1.1:33;BF.10:4;BA.4.1.1:1;BA.2.3.13:3;BA.2.12.1:21;BA.4.2:3;BA.4.1:6;BE.1.1:11;BQ.1.8:1;BA.2.3:6;BA.5.6:4;BQ.1.3:1;BA.4:2;BA.5.1.30:2;BF.5:1;BA.2.10.2:1;BF.11:2;BQ.1:3;BA.5.2.20:3;BA.5.2.23:1;BY.1:1;BA.2.29:14;BA.5.1.9:1;XBB.1:4;BA.2.14:1;BA.2.75:3;BQ.1.1.2:8;BA.2.1:2;BF.7:8;BA.5.1.5:1;BA.2.3.2:1;BA.2.10:3;BA.5.1.2:3;BA.2.18:2;BA.5.3.1:2;BA.2.12:1;BE.1:2;BE.5:1;BE.3:1;BA.2.3.14:1;BA.5.5.1:1;BA.2.7:1;BA.4.7:1;BA.5.10:2;BA.2.27:1;BF.7.8:1;BA.5.1.6:1
1222026,BA.2_0.04_abundance_0.03,C2937A;C3037T;G3074C,ORF1a:T891K;ORF1a:F924F;ORF1a:E937Q,7,60,0.1166666666666666,0,
1222026,BA.2_0.04_abundance_0.03,C3037T;G3074C;G3107A,ORF1a:F924F;ORF1a:E937Q;ORF1a:E948K,9,60,0.15,0,
1222026,BA.2_0.04_abundance_0.03,A6132T;A6217C,ORF1a:K1956I;ORF1a:K1984N,22,230,0.0956521739130434,0,
1222026,BA.2_0.04_abundance_0.03,A6217C;A6390C,ORF1a:K1984N;ORF1a:E2042A,64,1267,0.0505130228887134,0,
1222026,BA.2_0.04_abundance_0.03,A8755T;G8876T,ORF1a:K2830N;ORF1a:G2871C,51,159,0.320754716981132,0,
1222026,BA.2_0.04_abundance_0.03,T9030G;T9062C,ORF1a:F2922C;ORF1a:C2933R,62,1821,0.0340472267984623,0,
1222026,BA.2_0.04_abundance_0.03,C9344T;A9424G;T9454C;C9534T,ORF1a:L3027F;ORF1a:V3053V;ORF1a:Y3063Y;ORF1a:T3090I,91,464,0.1961206896551724,669,BA.2:530;BA.5.2.1:22;BA.5.1:7;BA.2.9:11;BF.5:8;BA.5.2:36;BF.7:20;BA.5.5:1;BA.2.12.1:12;BA.4.1:3;BA.5.1.1:2;BQ.1.1:1;BA.2.75:3;BA.2.38:1;BQ.1.1.6:1;BA.2.10:1;BA.5.2.3:3;BA.5.1.22:1;BA.5.2.26:1;BE.1.1:1;XAZ:1;BA.2.3:1;BA.5.2.20:1;BA.4.6:1
1222026,BA.2_0.04_abundance_0.03,C9344T;A9424G;T9454C,ORF1a:L3027F;ORF1a:V3053V;ORF1a:Y3063Y,10,510,0.0196078431372549,671,BA.2:530;BA.5.2.1:22;BA.5.1:7;BA.2.9:11;BF.5:8;BA.5.2:37;BF.7:20;BA.5.5:1;BA.2.12.1:12;BA.4.1:3;BA.5.1.1:2;BQ.1.1:1;BA.2.75:4;BA.2.38:1;BQ.1.1.6:1;BA.2.10:1;BA.5.2.3:3;BA.5.1.22:1;BA.5.2.26:1;BE.1.1:1;XAZ:1;BA.2.3:1;BA.5.2.20:1;BA.4.6:1
1222026,BA.2_0.04_abundance_0.03,C13119A;T13238A,ORF1a:A4285D;ORF1a:S4325T,34,1056,0.0321969696969696,0,
1222026,BA.2_0.04_abundance_0.03,A13736T;C13860T,ORF1b:H90L;ORF1b:D131D,19,1021,0.0186092066601371,0,
1222026,BA.2_0.04_abundance_0.03,A14397C;C14408T,ORF1b:T310T;ORF1b:P314L,145,548,0.2645985401459854,8,B.1:1;AY.106:2;BA.1.1:3;AY.103:1;AY.4:1
1222026,BA.2_0.04_abundance_0.03,C16367G;T16384C,ORF1b:S967C;ORF1b:C973R,227,774,0.29328165374677,0,
1222026,BA.2_0.04_abundance_0.03,A17132T;C17410T,ORF1b:Y1222F;ORF1b:R1315C,587,2350,0.2497872340425531,0,
1222026,BA.2_0.04_abundance_0.03,A17132T;A17311T;C17410T,ORF1b:Y1222F;ORF1b:T1282S;ORF1b:R1315C,28,2350,0.0119148936170212,0,
1222026,BA.2_0.04_abundance_0.03,T17136A;C17410T,ORF1b:P1223P;ORF1b:R1315C,42,2350,0.0178723404255319,91,BA.5.1:9;BA.5.2:59;BQ.1.1:4;BA.2.3:1;BL.1:1;BA.5.2.1:2;BA.2:9;BQ.1.1.6:1;BA.2.18:2;BF.5:2;BA.2.75:1
1222026,BA.2_0.04_abundance_0.03,T17177C;C17410T,ORF1b:V1237A;ORF1b:R1315C,36,2350,0.0153191489361702,0,
1222026,BA.2_0.04_abundance_0.03,A17311T;C17410T,ORF1b:T1282S;ORF1b:R1315C,89,2351,0.0378562313908974,0,
1222026,BA.2_0.04_abundance_0.03,T18126A;A18163G,ORF1b:V1553V;ORF1b:I1566V,123,425,0.2894117647058823,85,BA.2:11;BA.5.2.1:3;XBB.1:5;BA.5.1:12;BA.1.1:17;BF.7:1;BA.2.9:2;BA.5.2:1;BA.2.75:20;BE.3:1;BQ.1.13:1;BF.10:2;BA.5.1.30:2;BA.4.6:5;BA.1.13.1:1;BA.2.10:1
1222026,BA.2_0.04_abundance_0.03,T18126A;A18163G;G18242A,ORF1b:V1553V;ORF1b:I1566V;ORF1b:G1592D,64,395,0.1620253164556962,0,
1222026,BA.2_0.04_abundance_0.03,T18126A;T18137G;A18163G,ORF1b:V1553V;ORF1b:F1557C;ORF1b:I1566V,20,425,0.0470588235294117,0,
1222026,BA.2_0.04_abundance_0.03,T18126A;T18137G;A18163G;G18242A,ORF1b:V1553V;ORF1b:F1557C;ORF1b:I1566V;ORF1b:G1592D,7,395,0.0177215189873417,0,
1222026,BA.2_0.04_abundance_0.03,T18137G;A18163G,ORF1b:F1557C;ORF1b:I1566V,12,425,0.028235294117647,6,BA.2:2;BA.5.2:1;BQ.1.1.8:1;BA.4.1:1;BA.1.13.1:1
1222026,BA.2_0.04_abundance_0.03,A18163G;G18242A,ORF1b:I1566V;ORF1b:G1592D,54,395,0.1367088607594936,50,BA.1.1:3;BQ.1.1.18:1;BQ.1.1:28;BA.2.75:9;BA.1.21:2;BQ.1.1.24:1;BA.5.2.1:1;BQ.1.1.17:2;BA.1.17.2:1;BA.1.1.1:1;BA.2.3:1
1222026,BA.2_0.04_abundance_0.03,A21012C;T21125G,ORF1b:V2515V;ORF1b:F2553C,29,708,0.0409604519774011,0,
1222026,BA.2_0.04_abundance_0.03,T21125G;G21159A,ORF1b:F2553C;ORF1b:V2564V,6,329,0.0182370820668693,0,
1222026,BA.2_0.04_abundance_0.03,C21750A;G21987A,S:T63N;S:G142D,62,801,0.0774032459425717,37,BA.2.56:5;BA.5.1:3;AY.98:1;BA.5.2:2;AY.43:5;AY.103:1;AY.100:3;AY.4:6;XBB.3:1;BA.2:1;AY.127:1;AY.43.8:1;AY.26:2;BA.5.1.3:2;BA.5.9:1;BA.5.2.1:1;B.1.617.2:1
1222026,BA.2_0.04_abundance_0.03,A21926T;G21987A,S:N122Y;S:G142D,21,802,0.0261845386533665,17,B.1.617.1:1;BA.2:13;AY.25:2;AY.113:1
1222026,BA.2_0.04_abundance_0.03,G22051C;T22200G,S:A163A;S:V213G,5,73,0.0684931506849315,62,BA.5.1:33;BA.2.3.20:17;BA.5:2;BA.2:5;BA.2.12.1:1;BA.2.3.7:1;BA.2.38.1:1;BA.5.2:1;BA.5.6:1
1222026,BA.2_0.04_abundance_0.03,T22200G;T22297A,S:V213G;S:H245Q,9,58,0.1551724137931034,1,BA.5.1:1
1222026,BA.2_0.04_abundance_0.03,G22578A;C22674T;T22679C;C22686T;A22688G;A22769T;G22775A;A22786C;G22813T,S:G339D;S:S371F;S:S373P;S:S375F;S:T376A;S:R403*;S:D405N;S:R408S;S:K417N,151,599,0.2520868113522537,0,
1222026,BA.2_0.04_abundance_0.03,G22578A;C22674T;T22679C;C22686T;A22688G;A22769T;G22775A;A22786C,S:G339D;S:S371F;S:S373P;S:S375F;S:T376A;S:R403*;S:D405N;S:R408S,6,599,0.010016694490818,0,
1222026,BA.2_0.04_abundance_0.03,G23948T;T24022A,S:D796Y;S:D820E,106,421,0.2517814726840855,4,BA.1.15:2;BA.2.76:1;BA.1.1:1
1222026,BA.2_0.04_abundance_0.03,A24424T;T24469A;G24620A,S:Q954H;S:N969K;S:A1020T,24,212,0.1132075471698113,163,BA.2:19;BA.4.1:2;BA.5.1:5;BA.2.10.1:2;CK.2:6;CH.1.1:26;BM.4.1.1:3;BA.1:11;BA.2.12.1:5;BA.2.36:1;BA.1.1.18:1;BA.5.2.1:8;BA.5.2:5;BA.4.6:4;BA.2.9:2;BE.1.3:1;BA.5.5:3;BA.1.1:43;BF.14:2;BA.5.6:1;BA.1.20:2;BA.5:2;XAZ:1;BA.5.1.10:1;BA.5.1.22:1;BA.1.1.2:1;BE.1.1:1;BA.2.3:1;BA.1.15:1;BQ.1.1.5:1;BA.2.18:1
1222026,BA.2_0.04_abundance_0.03,T24469A;G24620A,S:N969K;S:A1020T,80,857,0.0933488914819136,164,BA.2:19;BA.4.1:2;BA.5.1:5;BA.2.10.1:2;CK.2:6;CH.1.1:26;BM.4.1.1:3;BA.1:11;BA.2.12.1:5;BA.2.36:1;BA.1.1.18:1;BA.5.2.1:8;BA.5.2:5;BA.4.6:4;BA.2.9:2;BE.1.3:1;BA.5.5:3;BA.1.1:44;BF.14:2;BA.5.6:1;BA.1.20:2;BA.5:2;XAZ:1;BA.5.1.10:1;BA.5.1.22:1;BA.1.1.2:1;BE.1.1:1;BA.2.3:1;BA.1.15:1;BQ.1.1.5:1;BA.2.18:1
1222026,BA.2_0.04_abundance_0.03,G24848T;C25000T,S:V1096F;S:D1146D,667,1244,0.5361736334405145,2,BA.5:1;BA.2:1
1222026,BA.2_0.04_abundance_0.03,C26270T;T26282A,E:T9I;E:I13K,22,34,0.6470588235294118,0,
1222026,BA.2_0.04_abundance_0.03,C26577G;G26709A;G26775C;C26858T,M:Q19E;M:A63T;M:A85P;M:F112F,48,2066,0.0232333010648596,0,
1222026,BA.2_0.04_abundance_0.03,T28215C;T28251G;C28311T,ORF8:F108L;ORF8:F120V;N:P13L,22,1389,0.0158387329013678,0,
1222026,BA.2_0.04_abundance_0.03,A28865C;G28881A;G28882A;G28883C,N:T198P;N:R203K;N:R203R;N:G204R,27,184,0.1467391304347826,8,BA.2.9:1;B.1.1:1;BF.28:5;BA.2.65:1
1222026,BA.2_0.04_abundance_0.03,A29510C;A29618T,N:S413R;ORF10:M21L,126,166,0.7590361445783133,31,BA.2:24;BF.5:5;XBB.1.5:1;BA.4:1
1292026,BA.2_0.04_abundance_0.03,A404C;T670G,ORF1a:K47Q;ORF1a:S135R,1143,3108,0.3677606177606177,6,BA.5.1:1;BA.2.3:1;BF.26:1;BQ.1.1:2;BA.5.2.1:1
1292026,BA.2_0.04_abundance_0.03,T670G;T886C,ORF1a:S135R;ORF1a:R207R,30,513,0.0584795321637426,1312,BA.2:47;BA.2.10:3;BE.1.4.2:9;BQ.1.1.22:1;BA.2.38:1080;BQ.1.5:11;BA.5.5:1;BA.2.9:4;BA.5.2:9;BA.5.1:11;BF.5:1;BA.5.1.2:5;BA.2.75:2;BA.2.9.5:7;BA.2.12.1:10;BA.5.3.1:2;BE.1.1:85;BA.4.6:11;BQ.1.2:1;BA.4:2;BF.10:2;BA.5.6:1;BQ.1:1;BA.5.1.25:1;BA.4.6.5:1;BQ.1.1.12:1;BA.5.2.1:1;BA.2.3:1;BE.1:1
1292026,BA.2_0.04_abundance_0.03,A1754T;G1843C,ORF1a:K497*;ORF1a:Q526H,660,2617,0.2521971723347344,0,
1292026,BA.2_0.04_abundance_0.03,A1754T;A1799T;A1803T;G1843C,ORF1a:K497*;ORF1a:T512S;ORF1a:K513I;ORF1a:Q526H,28,2617,0.0106992739778372,0,
1292026,BA.2_0.04_abundance_0.03,A1754T;A1803T,ORF1a:K497*;ORF1a:K513I,167,2812,0.0593883357041251,0,
1292026,BA.2_0.04_abundance_0.03,A1754T;A1799T,ORF1a:K497*;ORF1a:T512S,190,2812,0.0675675675675675,0,
1292026,BA.2_0.04_abundance_0.03,A1754T;A1799T;G1843C,ORF1a:K497*;ORF1a:T512S;ORF1a:Q526H,143,2617,0.0546427206725257,0,
1292026,BA.2_0.04_abundance_0.03,A1754T;A1803T;G1843C,ORF1a:K497*;ORF1a:K513I;ORF1a:Q526H,108,2617,0.0412686282002292,0,
1292026,BA.2_0.04_abundance_0.03,A1754T;A1799T;A1803T,ORF1a:K497*;ORF1a:T512S;ORF1a:K513I,31,2812,0.0110241820768136,0,
1292026,BA.2_0.04_abundance_0.03,A1799T;G1843C,ORF1a:T512S;ORF1a:Q526H,28,2617,0.0106992739778372,0,
1292026,BA.2_0.04_abundance_0.03,A1803T;G1843C,ORF1a:K513I;ORF1a:Q526H,39,2617,0.0149025601834161,0,
1292026,BA.2_0.04_abundance_0.03,A8675T;G8747C,ORF1a:S2804C;ORF1a:A2828P,41,836,0.0490430622009569,0,
1292026,BA.2_0.04_abundance_0.03,A9032T;C9073T,ORF1a:K2923*;ORF1a:T2936T,51,1486,0.0343203230148048,0,
1292026,BA.2_0.04_abundance_0.03,C9073T;A9079G,ORF1a:T2936T;ORF1a:V2938V,19,1486,0.01278600269179,1,B.1.617.2:1
1292026,BA.2_0.04_abundance_0.03,C10029T;A9912C,ORF1a:T3255I;ORF1a:Y3216S,16,72,0.2222222222222222,0,
1292026,BA.2_0.04_abundance_0.03,T10397A;C10449A,ORF1a:L3378I;ORF1a:P3395H,97,471,0.2059447983014862,0,
1292026,BA.2_0.04_abundance_0.03,G11464C;A11513C,ORF1a:M3733I;ORF1a:T3750P,61,914,0.0667396061269146,0,
1292026,BA.2_0.04_abundance_0.03,A11513C;T11577G,ORF1a:T3750P;ORF1a:I3771R,71,847,0.0838252656434474,0,
1292026,BA.2_0.04_abundance_0.03,C12020T;T12184C,ORF1a:L3919F;ORF1a:S3973S,22,1556,0.0141388174807197,0,
1292026,BA.2_0.04_abundance_0.03,C12534A;C12701G,ORF1a:T4090N;ORF1a:P4146A,44,1935,0.0227390180878552,0,
1292026,BA.2_0.04_abundance_0.03,G13651T;T13906A,ORF1b:V62L;ORF1b:Y147N,16,418,0.0382775119617224,0,
1292026,BA.2_0.04_abundance_0.03,G13813T;T13906A,ORF1b:A116S;ORF1b:Y147N,53,418,0.1267942583732057,0,
1292026,BA.2_0.04_abundance_0.03,T15620G;C15714T,ORF1b:L718R;ORF1b:L749L,950,1881,0.5050505050505051,0,
1292026,BA.2_0.04_abundance_0.03,T15620G;T15704C;C15714T,ORF1b:L718R;ORF1b:M746T;ORF1b:L749L,84,1881,0.0446570972886762,0,
1292026,BA.2_0.04_abundance_0.03,T15704C;C15714T,ORF1b:M746T;ORF1b:L749L,63,1881,0.0334928229665071,1,BA.5.1:1
1292026,BA.2_0.04_abundance_0.03,A16645C;A16755G,ORF1b:T1060P;ORF1b:R1096R,10,123,0.08130081300813,0,
1292026,BA.2_0.04_abundance_0.03,T16809C;G17090C,ORF1b:S1114S;ORF1b:G1208A,607,3438,0.1765561372891216,0,
1292026,BA.2_0.04_abundance_0.03,T16809C;T16983G,ORF1b:S1114S;ORF1b:I1172M,138,3735,0.0369477911646586,0,
1292026,BA.2_0.04_abundance_0.03,T16809C;T16983G;G17090C,ORF1b:S1114S;ORF1b:I1172M;ORF1b:G1208A,97,3438,0.0282140779522978,0,
1292026,BA.2_0.04_abundance_0.03,T16983G;G17090C,ORF1b:I1172M;ORF1b:G1208A,67,3441,0.019471083987213,0,
1292026,BA.2_0.04_abundance_0.03,G17090C;C17410T,ORF1b:G1208A;ORF1b:R1315C,78,177,0.4406779661016949,0,
1292026,BA.2_0.04_abundance_0.03,A18135T;A18163G,ORF1b:K1556N;ORF1b:I1566V,132,700,0.1885714285714285,0,
1292026,BA.2_0.04_abundance_0.03,G19009T;T19143A,ORF1b:D1848Y;ORF1b:Y1892*,29,1153,0.0251517779705117,0,
1292026,BA.2_0.04_abundance_0.03,T20661G;C20719T,ORF1b:S2398S;ORF1b:L2418L,36,825,0.0436363636363636,0,
1292026,BA.2_0.04_abundance_0.03,T20661G;A20702T,ORF1b:S2398S;ORF1b:Y2412F,16,877,0.0182440136830102,0,
1292026,BA.2_0.04_abundance_0.03,A20702T;C20719T,ORF1b:Y2412F;ORF1b:L2418L,55,825,0.0666666666666666,0,
1292026,BA.2_0.04_abundance_0.03,T20891C;T21103A,ORF1b:V2475A;ORF1b:F2546I,38,456,0.0833333333333333,0,
1292026,BA.2_0.04_abundance_0.03,T20891C;C21013G,ORF1b:V2475A;ORF1b:H2516D,7,487,0.0143737166324435,0,
1292026,BA.2_0.04_abundance_0.03,T20891C;C21013G;T21103A,ORF1b:V2475A;ORF1b:H2516D;ORF1b:F2546I,6,456,0.0131578947368421,0,
1292026,BA.2_0.04_abundance_0.03,C21013G;T21103A,ORF1b:H2516D;ORF1b:F2546I,29,457,0.0634573304157549,0,
1292026,BA.2_0.04_abundance_0.03,G22957C;G22992A;C22995A;A23013C;A23040G;T23075C,S:E465D;S:S477N;S:T478K;S:E484A;S:Q493R;S:Y505H,18,28,0.6428571428571429,2,BA.1.1:1;BA.2.38:1
1292026,BA.2_0.04_abundance_0.03,G23516A;T23599G;C23604A,S:G652R;S:N679K;S:P681H,158,203,0.7783251231527094,1,BA.2.36:1
1292026,BA.2_0.04_abundance_0.03,G23516A;T23553G;T23599G;C23604A,S:G652R;S:I664R;S:N679K;S:P681H,7,203,0.0344827586206896,0,
1292026,BA.2_0.04_abundance_0.03,G23516A;C23555G;T23599G;C23604A,S:G652R;S:P665A;S:N679K;S:P681H,10,203,0.0492610837438423,0,
1292026,BA.2_0.04_abundance_0.03,G23915A;G23948T,S:V785I;S:D796Y,12,312,0.0384615384615384,62,BA.2:21;BF.5:1;BA.5.1.3:1;BA.5.2:4;BA.2.12.1:9;BA.5.2.1:2;BA.1.15:3;BQ.1.13:1;BA.1:3;BA.5.2.9:1;BA.2.3:1;BA.1.1.14:1;BA.5.1:1;BA.2.9:1;BA.5.6:2;BF.8:1;BQ.1.5:1;BQ.1.1.15:1;BA.1.1:4;BA.1.1.2:1;BA.2.18:2
1292026,BA.2_0.04_abundance_0.03,T24307C;A24424T,S:V915V;S:Q954H,34,506,0.067193675889328,119,BA.2.29:1;BA.1:3;BA.2:11;BA.5.1:27;BA.5.2:52;BE.1.1:2;BA.4.1:7;BA.4.2:1;BA.1.1:3;BA.5.5:2;BA.5.2.1:2;BA.2.9:4;XAF:1;BA.5.1.1:2;BA.1.14:1
1292026,BA.2_0.04_abundance_0.03,A24424T;C24722T,S:Q954H;S:Q1054*,14,40,0.35,0,
1292026,BA.2_0.04_abundance_0.03,C24722T;C25000T,S:Q1054*;S:D1146D,41,99,0.4141414141414141,0,
1292026,BA.2_0.04_abundance_0.03,C28311T;C28313G,N:P13L;N:R14G,147,1683,0.0873440285204991,17,BA.1.1:8;BA.5.2.6:1;XBB.1.5:1;BA.5.2.1:2;BE.8:1;BQ.1.1:1;BA.4.1:1;BA.2.3:1;BA.2:1
1292026,BA.2_0.04_abundance_0.03,A29018T;C29048G,N:K249*;N:R259G,5,394,0.0126903553299492,0,
1292026,BA.2_0.04_abundance_0.03,C29048G;A29154G,N:R259G;N:Q294R,93,1800,0.0516666666666666,0,
2052026,BA.2_0.04_abundance_0.03,T670G;G943C,ORF1a:S135R;ORF1a:R226S,164,725,0.2262068965517241,2,BA.5.2:2
2052026,BA.2_0.04_abundance_0.03,T670G;C823A,ORF1a:S135R;ORF1a:V186V,10,796,0.0125628140703517,64,BA.2.12.1:14;BA.4.1:16;BE.1.4.2:15;BA.2.3:2;BA.2:10;BA.2.12:1;BA.5.6:2;BQ.1.1.18:1;BA.5.3.3:1;BA.5.2:1;BF.28:1
2052026,BA.2_0.04_abundance_0.03,T1675G;C1853A;C1884A,ORF1a:N470K;ORF1a:L530M;ORF1a:A540D,243,2044,0.1188845401174168,0,
2052026,BA.2_0.04_abundance_0.03,T1675G;C1853A,ORF1a:N470K;ORF1a:L530M,444,2047,0.2169027845627748,0,
2052026,BA.2_0.04_abundance_0.03,T1675G;C1884A,ORF1a:N470K;ORF1a:A540D,134,2044,0.0655577299412915,0,
2052026,BA.2_0.04_abundance_0.03,C1853A;C1884A,ORF1a:L530M;ORF1a:A540D,235,2045,0.1149144254278728,0,
2052026,BA.2_0.04_abundance_0.03,G2900C;C3037T,ORF1a:V879L;ORF1a:F924F,217,860,0.2523255813953488,11,BA.5.2:10;AY.122:1
2052026,BA.2_0.04_abundance_0.03,T3909C;T4030C,ORF1a:I1215T;ORF1a:L1255L,29,193,0.1502590673575129,1,BA.2.10:1
2052026,BA.2_0.04_abundance_0.03,G4818A;G4836C,ORF1a:G1518E;ORF1a:G1524A,83,1193,0.0695725062866722,0,
2052026,BA.2_0.04_abundance_0.03,A6073T;A6207G,ORF1a:K1936N;ORF1a:K1981R,15,83,0.180722891566265,0,
2052026,BA.2_0.04_abundance_0.03,A8812T;G8925A,ORF1a:K2849N;ORF1a:R2887K,139,773,0.1798188874514877,0,
2052026,BA.2_0.04_abundance_0.03,G8925A;A9034T,ORF1a:R2887K;ORF1a:K2923N,5,220,0.0227272727272727,0,
2052026,BA.2_0.04_abundance_0.03,T9247G;C9344T;A9424G;C9534T,ORF1a:A2994A;ORF1a:L3027F;ORF1a:V3053V;ORF1a:T3090I,57,795,0.0716981132075471,1,BA.2.3:1
2052026,BA.2_0.04_abundance_0.03,T9247G;G9270C;C9344T;A9424G;C9534T,ORF1a:A2994A;ORF1a:G3002A;ORF1a:L3027F;ORF1a:V3053V;ORF1a:T3090I,70,795,0.0880503144654088,0,
2052026,BA.2_0.04_abundance_0.03,T9247G;G9270C;C9344T;A9424G;C9534T;C9541A,ORF1a:A2994A;ORF1a:G3002A;ORF1a:L3027F;ORF1a:V3053V;ORF1a:T3090I;ORF1a:L3092L,24,635,0.0377952755905511,0,
2052026,BA.2_0.04_abundance_0.03,T9247G;G9270C;C9344T;A9424G,ORF1a:A2994A;ORF1a:G3002A;ORF1a:L3027F;ORF1a:V3053V,20,947,0.0211193241816261,0,
2052026,BA.2_0.04_abundance_0.03,T9247G;C9344T;A9424G,ORF1a:A2994A;ORF1a:L3027F;ORF1a:V3053V,18,947,0.0190073917634635,1,BA.2.3:1
2052026,BA.2_0.04_abundance_0.03,T9247G;C9344T;A9424G;C9534T;C9541A,ORF1a:A2994A;ORF1a:L3027F;ORF1a:V3053V;ORF1a:T3090I;ORF1a:L3092L,17,635,0.026771653543307,0,
2052026,BA.2_0.04_abundance_0.03,G9270C;C9344T;A9424G;C9534T,ORF1a:G3002A;ORF1a:L3027F;ORF1a:V3053V;ORF1a:T3090I,185,811,0.2281134401972873,0,
2052026,BA.2_0.04_abundance_0.03,G9270C;C9344T;A9424G;C9534T;C9541A,ORF1a:G3002A;ORF1a:L3027F;ORF1a:V3053V;ORF1a:T3090I;ORF1a:L3092L,71,647,0.1097372488408037,0,
2052026,BA.2_0.04_abundance_0.03,G9270C;C9344T;A9424G;G9471T;C9534T,ORF1a:G3002A;ORF1a:L3027F;ORF1a:V3053V;ORF1a:R3069I;ORF1a:T3090I,26,811,0.032059186189889,0,
2052026,BA.2_0.04_abundance_0.03,G9270C;C9344T;A9424G,ORF1a:G3002A;ORF1a:L3027F;ORF1a:V3053V,57,969,0.0588235294117647,0,
2052026,BA.2_0.04_abundance_0.03,G9270C;C9344T;A9361T;A9424G;C9534T,ORF1a:G3002A;ORF1a:L3027F;ORF1a:T3032T;ORF1a:V3053V;ORF1a:T3090I,11,811,0.0135635018495684,0,
2052026,BA.2_0.04_abundance_0.03,C9344T;A9424G;C9534T;C9541A,ORF1a:L3027F;ORF1a:V3053V;ORF1a:T3090I;ORF1a:L3092L,65,647,0.1004636785162287,21,BA.5.1.1:4;BE.1:2;BA.2:4;BA.2.12.1:1;BA.2.1:2;BA.5.1:3;BA.2.9:1;BF.27:1;BA.5.5:1;BQ.1.1:1;BQ.1.12:1
2052026,BA.2_0.04_abundance_0.03,C9344T;A9424G;G9471T;C9534T,ORF1a:L3027F;ORF1a:V3053V;ORF1a:R3069I;ORF1a:T3090I,19,811,0.0234278668310727,0,
2052026,BA.2_0.04_abundance_0.03,C9344T;A9424G;G9471T;C9534T;C9541A,ORF1a:L3027F;ORF1a:V3053V;ORF1a:R3069I;ORF1a:T3090I;ORF1a:L3092L,11,647,0.017001545595054,0,
2052026,BA.2_0.04_abundance_0.03,C9534T;T9676C,ORF1a:T3090I;ORF1a:P3137P,51,613,0.0831973898858075,214,BA.2:57;BA.5.1:9;BQ.1.3:8;BA.2.9:2;BA.4.1:11;BF.18:79;BA.5.2:23;BA.5.2.22:2;BA.5.2.1:4;BA.2.12.1:3;BF.7:2;BA.2.52:1;BA.4.4:1;BA.2.3:1;BA.5.2.27:1;BF.21:2;BA.5.6:1;BQ.1.1:1;BA.2.56:1;BQ.1.5:1;BE.4.1:3;BF.10:1
2052026,BA.2_0.04_abundance_0.03,C9534T;C9541A,ORF1a:T3090I;ORF1a:L3092L,160,1260,0.1269841269841269,21,BA.5.1.1:4;BE.1:2;BA.2:4;BA.2.12.1:1;BA.2.1:2;BA.5.1:3;BA.2.9:1;BF.27:1;BA.5.5:1;BQ.1.1:1;BQ.1.12:1
2052026,BA.2_0.04_abundance_0.03,C9534T;T9633C,ORF1a:T3090I;ORF1a:L3123S,47,613,0.0766721044045677,0,
2052026,BA.2_0.04_abundance_0.03,C9534T;C9541A;T9676C,ORF1a:T3090I;ORF1a:L3092L;ORF1a:P3137P,19,613,0.030995106035889,0,
2052026,BA.2_0.04_abundance_0.03,C9534T;C9541A;T9633C,ORF1a:T3090I;ORF1a:L3092L;ORF1a:L3123S,12,613,0.0195758564437194,0,
2052026,BA.2_0.04_abundance_0.03,C9534T;T9633C;T9676C,ORF1a:T3090I;ORF1a:L3123S;ORF1a:P3137P,7,613,0.0114192495921696,0,
2052026,BA.2_0.04_abundance_0.03,G14398A;C14408T,ORF1b:V311M;ORF1b:P314L,36,601,0.059900166389351,77,AY.4.2.2:2;BA.2:5;BF.22:3;BA.1.1.18:3;BA.5.2.1:14;BA.1.1:15;B.1.160:1;BA.2.12.1:3;BF.5:1;AY.121:1;BA.2.9:1;BA.5.1:5;B.1.1.7:2;AY.73:1;AY.112:8;B.1.2:1;BA.5.1.24:1;BA.1.10:2;B.1.429:1;AY.44:1;BA.4:1;BA.2.9.7:1;BA.1:1;BA.1.17.2:1;AY.4.2:2
2052026,BA.2_0.04_abundance_0.03,C15714T;G15769A,ORF1b:L749L;ORF1b:A768T,2551,3902,0.6537672988211174,0,
2052026,BA.2_0.04_abundance_0.03,T17160A;C17410T,ORF1b:A1231A;ORF1b:R1315C,976,3247,0.3005851555281799,4,BA.2.75.3:1;BA.2:2;BA.2.3:1
2052026,BA.2_0.04_abundance_0.03,C17410T;A17484T,ORF1b:R1315C;ORF1b:T1339T,25,124,0.2016129032258064,32,BA.2:31;BA.2.22:1
2052026,BA.2_0.04_abundance_0.03,T18413G;T18524A,ORF1b:V1649G;ORF1b:V1686E,223,925,0.2410810810810811,0,
2052026,BA.2_0.04_abundance_0.03,C19928T;A20055G,ORF1b:S2154F;ORF1b:E2196E,7,36,0.1944444444444444,10,BA.2:8;BA.5.1.24:1;BA.5.5:1
2052026,BA.2_0.04_abundance_0.03,T21763A;G21987A,S:A67A;S:G142D,105,2299,0.0456720313179643,34,BF.14:1;BA.2:6;CK.2.1.1:2;BA.1:2;BA.2.12.1:7;BQ.1.1:1;BA.5.1:1;BF.7.4.2:1;B.1.617.2:2;AY.4.2:1;BE.1.1:2;BF.21:1;AY.119.2:1;AY.103:1;BA.2.3:1;BA.5.3:1;BA.5.2.21:2;BQ.1.1.3:1
2052026,BA.2_0.04_abundance_0.03,A22167T;T22200G,S:K202I;S:V213G,147,352,0.4176136363636363,1,CM.8:1
2052026,BA.2_0.04_abundance_0.03,A24221T;A24424T,S:T887S;S:Q954H,9,283,0.0318021201413427,0,
2052026,BA.2_0.04_abundance_0.03,T24847A;C25000T,S:F1095L;S:D1146D,306,901,0.3396226415094339,33,BA.1:1;BA.5.1.6:3;BA.5.2.1:8;BA.1.1:6;BA.1.1.15:2;BF.7:1;BA.4:2;BA.2:1;BQ.1.23:1;BQ.1.1.25:2;BA.5.2:2;BA.5.2.28:1;BA.2.75:1;BA.1.17.2:1;BA.5.9:1
2052026,BA.2_0.04_abundance_0.03,T25533C;C25584T,ORF3a:I47I;ORF3a:T64T,71,2002,0.0354645354645354,132,BA.2:35;BQ.1.1.6:2;BA.5.2.1:8;BA.1.1.15:2;BA.4.1:3;BA.2.38:2;BA.1.15:1;BQ.1.1.22:1;BQ.1.1:46;BA.1:4;BA.5.1:4;BQ.1.1.24:5;BQ.1:1;BA.1.1:8;BQ.1.1.18:1;BA.5:1;BA.1.17.2:1;BA.5.1.1:1;BF.7:2;BA.1.17:1;BA.2.1:1;BA.1.1.1:1;BA.5.2:1
2052026,BA.2_0.04_abundance_0.03,A26021T;C26060T,ORF3a:D210V;ORF3a:T223I,12,398,0.0301507537688442,1,BA.2.38:1
2052026,BA.2_0.04_abundance_0.03,A26021T;C26060T;C26270T,ORF3a:D210V;ORF3a:T223I;E:T9I,34,283,0.1201413427561837,1,BA.2.38:1
2052026,BA.2_0.04_abundance_0.03,C26270T;A26369T,E:T9I;E:Y42F,8,100,0.08,1,BA.5.2:1
2052026,BA.2_0.04_abundance_0.03,C26577G;G26709A;T26761A;C26858T,M:Q19E;M:A63T;M:I80N;M:F112F,1306,3224,0.4050868486352357,0,
2052026,BA.2_0.04_abundance_0.03,C26577G;G26709A;T26761A;G26832C;C26858T,M:Q19E;M:A63T;M:I80N;M:A104P;M:F112F,886,3224,0.2748138957816377,0,
2052026,BA.2_0.04_abundance_0.03,C26577G;G26709A;T26761A;G26832C,M:Q19E;M:A63T;M:I80N;M:A104P,60,3407,0.0176108012914587,0,
2052026,BA.2_0.04_abundance_0.03,C26577G;G26709A;T26761A,M:Q19E;M:A63T;M:I80N,246,3656,0.0672866520787746,0,
2052026,BA.2_0.04_abundance_0.03,C26577G;G26709A;G26832C;C26858T,M:Q19E;M:A63T;M:A104P;M:F112F,412,3224,0.1277915632754342,1,BA.2:1
2052026,BA.2_0.04_abundance_0.03,G27337C;G27382C;A27383T;T27384C,ORF6:E46Q;ORF6:D61H;ORF6:D61V;ORF6:D61D,129,615,0.2097560975609756,1,BA.2:1
2052026,BA.2_0.04_abundance_0.03,C28311T;A28343C,N:P13L;N:T24P,752,1995,0.3769423558897243,3,BA.5.5:1;BA.5.6:1;BA.2:1
2052026,BA.2_0.04_abundance_0.03,A29510C;T29589C,N:S413R;ORF10:F11S,175,302,0.5794701986754967,21,BA.2:5;BA.5.2:1;BA.5.2.8:1;BA.5:2;BA.2.76:1;XBB.1:1;BA.2.9:1;BA.5.2.34:1;BA.2.10:1;BA.2.3:1;BA.5.6:1;BA.5.1.10:1;BA.2.12.1:1;BA.5.2.9:1;BA.5.2.1:1;BA.5.1:1
2122026,BA.2_0.04_abundance_0.03,T1040G;T1128G,ORF1a:L259V;ORF1a:V288G,21,1125,0.0186666666666666,0,
2122026,BA.2_0.04_abundance_0.03,C9534T;C9636A,ORF1a:T3090I;ORF1a:A3124E,692,1040,0.6653846153846154,1,BA.2:1
2122026,BA.2_0.04_abundance_0.03,G10922C;T11009C,ORF1a:E3553Q;ORF1a:W3582R,131,810,0.1617283950617284,0,
2122026,BA.2_0.04_abundance_0.03,C11152T;C11280G,ORF1a:V3629V;ORF1a:T3672S,95,1109,0.0856627592425608,0,
2122026,BA.2_0.04_abundance_0.03,T12021C;A12207C,ORF1a:L3919P;ORF1a:K3981T,139,1654,0.0840386940749697,0,
2122026,BA.2_0.04_abundance_0.03,T12021C;T12055C,ORF1a:L3919P;ORF1a:L3930L,22,2062,0.0106692531522793,0,
2122026,BA.2_0.04_abundance_0.03,T12055C;A12207C,ORF1a:L3930L;ORF1a:K3981T,17,1654,0.0102781136638452,0,
2122026,BA.2_0.04_abundance_0.03,C12880T;T12997G,ORF1a:I4205I;ORF1a:G4244G,312,1606,0.1942714819427148,0,
2122026,BA.2_0.04_abundance_0.03,C12880T;T12947C;T12997G,ORF1a:I4205I;ORF1a:L4228L;ORF1a:G4244G,81,1606,0.0504358655043586,0,
2122026,BA.2_0.04_abundance_0.03,C12880T;T12947C,ORF1a:I4205I;ORF1a:L4228L,285,1741,0.1636990235496841,201,BA.2:30;BQ.1.3:13;BA.5.1.10:1;BA.5.1:2;BQ.1.1.4:3;BA.2.9:5;BA.5.2:13;BA.5.2.1:44;BA.2.36:2;BQ.1.2:1;BA.2.23:38;BE.1.4:3;BA.2.12.1:2;BA.2.81:1;XBB.1:4;BF.7:2;BF.10:3;BA.2.75:13;BA.5.1.25:1;BA.2.24:1;BA.2.10.2:1;BA.2.12:3;BA.2.56:1;BA.5.2.26:1;BA.5:1;CH.1.1:2;BA.5.2.6:1;BA.5.2.21:3;BE.1:4;XAZ:1;BF.5:1
2122026,BA.2_0.04_abundance_0.03,C13541T;A13587C,ORF1b:A25V;ORF1b:L40L,7,128,0.0546875,0,
2122026,BA.2_0.04_abundance_0.03,C13681A;G13726T,ORF1b:Q72K;ORF1b:V87F,45,2416,0.0186258278145695,0,
2122026,BA.2_0.04_abundance_0.03,C14618A;T14652C;T14696G;G14701T;C14760A;T14769G;A14795C,ORF1b:T384N;ORF1b:N395N;ORF1b:F410C;ORF1b:D412Y;ORF1b:F431L;ORF1b:A434A;ORF1b:D443A,5,311,0.0160771704180064,0,
2122026,BA.2_0.04_abundance_0.03,C15714T;T15794C,ORF1b:L749L;ORF1b:V776A,105,3125,0.0336,3,BA.2.13:1;BA.5.1:1;BA.4:1
2122026,BA.2_0.04_abundance_0.03,A17236C;C17410T,ORF1b:I1257L;ORF1b:R1315C,41,2987,0.0137261466354201,0,
2122026,BA.2_0.04_abundance_0.03,T18069G;A18163G,ORF1b:D1534E;ORF1b:I1566V,20,309,0.0647249190938511,3,BF.3:1;BA.5.2:1;BA.2.24:1
2122026,BA.2_0.04_abundance_0.03,T18661A;G18668T,ORF1b:C1732S;ORF1b:C1734F,115,5059,0.0227317651709824,0,
2122026,BA.2_0.04_abundance_0.03,T18661A;G18668T;A18740G,ORF1b:C1732S;ORF1b:C1734F;ORF1b:D1758G,95,5059,0.0187784147064637,0,
2122026,BA.2_0.04_abundance_0.03,G18668T;A18740G,ORF1b:C1734F;ORF1b:D1758G,1702,5060,0.3363636363636363,0,
2122026,BA.2_0.04_abundance_0.03,G20332A;G20335T;C20365T;T20408A,ORF1b:G2289R;ORF1b:D2290Y;ORF1b:H2300Y;ORF1b:F2314Y,5,207,0.0241545893719806,0,
2122026,BA.2_0.04_abundance_0.03,G22154A;T22200G,S:D198N;S:V213G,43,291,0.1477663230240549,14,BA.2:2;BA.5.2.1:3;BA.2.75:2;BA.5.1.3:1;BA.5.1:2;BA.5:1;BU.3:1;BA.2.1:1;BA.5.2:1
2122026,BA.2_0.04_abundance_0.03,G22154A;A22198C;T22200G,S:D198N;S:L212F;S:V213G,13,291,0.0446735395189003,0,
2122026,BA.2_0.04_abundance_0.03,A22198C;T22200G,S:L212F;S:V213G,41,291,0.140893470790378,1,BA.2.38:1
2122026,BA.2_0.04_abundance_0.03,C22674T;T22679C;T22683A;C22686T;A22688G;G22775A,S:S371F;S:S373P;S:F374Y;S:S375F;S:T376A;S:D405N,5,77,0.0649350649350649,0,
2122026,BA.2_0.04_abundance_0.03,T23582C;T23599G;C23604A,S:Y674H;S:N679K;S:P681H,5,52,0.0961538461538461,73,BE.1.1:1;BA.2.51:2;BA.2.3:2;BA.5.1:2;BA.2.38:2;BA.5.2.1:7;BA.1.1:11;BA.2:13;BA.1.15.1:2;BA.1:8;BA.5.2:2;BA.5.5:1;BA.2.9:1;BA.2.3.13:1;BA.1.1.18:1;BA.1.1.1:4;BA.5.2.27:2;BA.1.15:3;BA.1.17:2;BA.4.5:1;BQ.1.8:1;BA.2.10.1:1;BA.5.2.6:1;BA.2.12.1:1;BA.5.6:1
2122026,BA.2_0.04_abundance_0.03,A23826C;G23948T,S:Q755P;S:D796Y,10,97,0.1030927835051546,0,
2122026,BA.2_0.04_abundance_0.03,T23850G;G23948T,S:L763*;S:D796Y,19,200,0.095,1,BA.2:1
2122026,BA.2_0.04_abundance_0.03,G23948T;A24002T,S:D796Y;S:K814*,12,200,0.06,2,BA.2.75:1;BA.2:1
2122026,BA.2_0.04_abundance_0.03,C24210T;T24379C;A24424T,S:T883I;S:S939S;S:Q954H,13,628,0.0207006369426751,0,
2122026,BA.2_0.04_abundance_0.03,T24379C;A24424T,S:S939S;S:Q954H,43,628,0.0684713375796178,194,BA.1.1:8;BA.2:55;BA.4.6:4;BA.2.9:8;BA.1.1.1:3;BA.2.3:4;BA.5.6:6;BQ.1.1:3;BA.1:4;BA.2.12.1:27;DE.1:3;BQ.1.1.4:1;BA.5.2.1:7;BA.2.10.1:4;BA.2.22:1;BA.5.2:8;BA.1.17:5;BA.5.5:4;BA.5.1.30:1;BA.5.1:7;BA.5.1.25:1;BA.2.75:17;BA.1.17.2:1;BA.1.1.2:2;BA.2.10:4;BA.2.3.9:1;XBB.1:1;BA.5:1;BF.7:1;BR.1:1;BA.1.15:1
2122026,BA.2_0.04_abundance_0.03,T24469A;G24497A,S:N969K;S:D979N,25,476,0.0525210084033613,1,BA.2.12.1:1
2122026,BA.2_0.04_abundance_0.03,C25000T;G25033T,S:D1146D;S:K1157N,332,819,0.4053724053724054,73,BA.1.1:8;BA.2:13;BA.1.14:3;BA.5.2.1:2;BE.3:1;XBB.1.5:1;BA.5.2:11;BA.2.12.1:18;BA.2.31:1;BA.5.1:3;BA.2.75:1;BA.5.2.7:2;BA.1.15:1;BA.5.6:1;BA.5.2.33:1;BA.1.1.14:1;BA.1.17.2:1;BA.2.3.13:1;BA.1.18:2;BA.5.1.2:1
2122026,BA.2_0.04_abundance_0.03,G25033T;T25279C,S:K1157N;S:S1239S,20,549,0.0364298724954462,0,
2122026,BA.2_0.04_abundance_0.03,G25033T;A25176G,S:K1157N;S:K1205R,49,589,0.0831918505942275,0,
2122026,BA.2_0.04_abundance_0.03,G25033T;G25313T,S:K1157N;S:G1251*,9,528,0.0170454545454545,0,
2122026,BA.2_0.04_abundance_0.03,A25176G;G25313T,S:K1205R;S:G1251*,6,528,0.0113636363636363,0,
2122026,BA.2_0.04_abundance_0.03,G25313T;C25566T;C25584T,S:G1251*;ORF3a:S58S;ORF3a:T64T,7,336,0.0208333333333333,0,
2122026,BA.2_0.04_abundance_0.03,A25338C;C25566T;C25584T,S:D1259A;ORF3a:S58S;ORF3a:T64T,138,1251,0.1103117505995203,0,
2122026,BA.2_0.04_abundance_0.03,A25338C;C25584T,S:D1259A;ORF3a:T64T,121,1251,0.096722621902478,12,BA.2:2;BA.2.48:5;BA.1.1:3;BA.5.2.1:1;BA.5.2:1
2122026,BA.2_0.04_abundance_0.03,A25998G;C26060T;C26270T,ORF3a:V202V;ORF3a:T223I;E:T9I,172,487,0.3531827515400411,283,BA.5.2.12:2;BA.5.1:9;BA.5.2:46;BA.2.23:8;BA.5.2.1:23;BA.2.40.1:2;BA.2.38.2:1;BA.2:87;BA.2.12.1:37;BQ.1.25:1;BA.5.1.22:2;BF.7:2;BA.2.75:2;BE.1:1;BQ.1:1;BA.4.6.5:1;BE.1.1:6;BA.2.9:2;BF.5:9;BA.2.39:1;BA.5.6:1;BW.1.1:3;BA.2.6:1;BA.4:1;BA.5.2.3:1;BA.1.1:1;BA.5.9:2;BQ.1.14:1;BA.5.5:3;BE.3:2;BA.2.38:1;BQ.1.1.22:1;BA.5.2.22:2;BA.4.6:1;BA.5:3;BF.21:1;XBB.1:1;BA.5.2.28:1;BA.5.1.1:1;BA.2.3:5;BF.1:1;BA.5.2.24:1;BA.5.1.12:1;BA.2.12:1;BF.11:1;BF.10:2
2122026,BA.2_0.04_abundance_0.03,A25998G;C26060T,ORF3a:V202V;ORF3a:T223I,70,684,0.1023391812865497,290,BA.5.2.12:2;BA.5.1:9;BA.5.2:47;BA.2.23:8;BA.5.2.1:23;BA.2.40.1:2;BA.2.38.2:1;BA.2:88;BA.2.12.1:38;BQ.1.25:1;BA.5.1.22:2;BF.7:2;BA.2.75:2;BE.1:1;BQ.1:1;BA.4.6.5:1;BE.1.1:6;BA.2.9:2;BF.5:9;BA.2.39:1;BA.5.6:1;BW.1.1:3;BA.2.6:1;BA.4:1;BA.5.2.3:1;BA.1.1:1;BA.5.9:2;BQ.1.14:1;B.1.1.416:1;BA.5.5:3;BE.3:2;BA.5.1.3:1;BA.2.38:1;BQ.1.1.22:1;BA.5.2.22:2;BA.4.6:1;BA.5:3;BF.21:1;XBB.1:1;BA.5.2.28:1;BA.5.1.1:1;BA.2.3:5;B.1.2:2;BF.1:1;BA.5.2.24:1;BA.5.1.12:1;BA.2.12:1;BF.11:1;BF.10:2
2122026,BA.2_0.04_abundance_0.03,C26577G;T26624C;G26709A;C26858T,M:Q19E;M:L34L;M:A63T;M:F112F,558,2114,0.2639545884578997,51,BA.2:19;BA.2.9:25;BA.2.74:1;BA.2.7:2;BA.4.1.5:2;BA.2.12.1:1;BA.2.10:1
2122026,BA.2_0.04_abundance_0.03,C26577G;T26624C;G26709A,M:Q19E;M:L34L;M:A63T,75,2387,0.0314201927105152,103,BA.1.1:13;BA.2:19;BA.2.9:25;BF.7:17;BA.1.1.1:1;BA.5.1.10:1;BA.1:3;BA.5.2.1:3;BE.2:3;BQ.1.10:1;BA.5.2:3;BA.2.74:1;BA.5.1.23:1;BA.1.18:1;BA.2.10:1;BQ.1.26:1;BA.1.1.18:1;BQ.1.1.15:1;BA.2.7:2;BA.4.1.5:2;BA.2.12.1:1;BA.5.1:1;BA.5.6:1
2192026,BA.2_0.04_abundance_0.03,T670G;A918C,ORF1a:S135R;ORF1a:Q218P,28,328,0.0853658536585365,0,
2192026,BA.2_0.04_abundance_0.03,A2406T;C2485A,ORF1a:K714M;ORF1a:I740I,13,553,0.023508137432188,0,
2192026,BA.2_0.04_abundance_0.03,A2590G;C2790T,ORF1a:E775E;ORF1a:T842I,12,191,0.06282722513089,322,XBC.1:1;BA.2:41;BA.2.10.1:20;XBB.1:8;BA.5.1:73;BA.2.9:59;BA.5.2:65;BA.2.9.5:6;BA.5.3.5:1;BA.5.2.1:14;BA.2.12.1:10;BE.1.1:4;BA.2.10:2;BA.5.2.21:2;BA.5.2.12:1;B.1.582:1;BA.2.75.5:2;BA.2.75:2;BA.5.2.26:1;BF.5:2;BA.4.6:2;BA.5.1.3:2;BA.4.1:1;BA.5.5:1;BA.5:1
2192026,BA.2_0.04_abundance_0.03,G2951A;C3037T,ORF1a:D896N;ORF1a:F924F,83,291,0.2852233676975945,26,AY.4:1;BA.1.15:1;BA.1.21:3;BA.1.1:4;BA.5.2:2;BA.5.2.9:1;AY.43:2;B.1.2:3;B.1.526:1;AY.47:1;BA.2:1;AY.14:2;BA.5.5:1;BQ.1.2:1;BA.1:2
2192026,BA.2_0.04_abundance_0.03,G4856C;T4959A,ORF1a:G1531R;ORF1a:V1565E,25,2259,0.0110668437361664,0,
2192026,BA.2_0.04_abundance_0.03,G5048A;G5276A,ORF1a:G1595S;ORF1a:D1671N,79,469,0.1684434968017057,0,
2192026,BA.2_0.04_abundance_0.03,G5735C;G5847T,ORF1a:A1824P;ORF1a:G1861V,17,707,0.024045261669024,0,
2192026,BA.2_0.04_abundance_0.03,C7169G;C7221G,ORF1a:P2302A;ORF1a:T2319S,7,409,0.0171149144254278,0,
2192026,BA.2_0.04_abundance_0.03,C9344T;C9384A;A9424G;C9534T,ORF1a:L3027F;ORF1a:A3040D;ORF1a:V3053V;ORF1a:T3090I,14,135,0.1037037037037037,0,
2192026,BA.2_0.04_abundance_0.03,C9344T;C9391T;A9424G;C9534T,ORF1a:L3027F;ORF1a:D3042D;ORF1a:V3053V;ORF1a:T3090I,24,135,0.1777777777777777,1001,BA.4.1.5:1;BA.5.3.2:4;BA.2.5:7;BA.5.1:47;BQ.1.8.2:6;BA.5.2.1:111;BA.2.9:96;BA.2.71:2;BA.5.2:54;BA.2.36:4;BA.5.1.22:2;BQ.1.1.17:1;BA.5.2.12:2;BA.4:3;BF.7:4;BA.4.1:11;BA.2.12:3;BA.2:316;BA.2.12.1:88;BA.5.9:1;BA.2.9.5:8;BA.4.6:45;BA.5.1.23:4;BK.1:9;BA.5.8:1;BF.10:2;BA.2.10:13;BA.5.2.6:18;BA.5.2.3:1;BA.5.6:8;BF.7.5:2;BQ.1.1.22:1;BA.2.3.12:5;BA.2.76:2;BG.5:2;BA.2.3.17:2;BA.5:11;BF.5:7;BA.5.1.2:5;BA.2.68:3;BQ.1.1.23:1;BA.4.4:2;BA.2.2:7;BA.5.10:1;XBB.1:1;BA.5.5:14;BA.2.3:8;XBB.1.5:2;BA.2.18:7;BF.12:2;BA.5.1.10:2;BA.2.75:4;BA.5.2.20:2;BA.5.1.6:1;BQ.1.1:2;BQ.1.1.5:1;BA.5.1.24:2;BA.2.3.13:2;BA.4.6.5:1;CM.2:1;BA.5.2.26:1;BQ.1.23:2;BA.5.6.3:1;BA.2.31:1;CH.1.1:2;BE.1:4;BA.4.1.1:2;BA.5.2.22:1;BA.2.3.10:1;BF.14:1;BA.2.38:1;BA.2.24:1;CL.1:1;BA.5.3.5:1;BA.5.6.1:1;BA.2.1:2;BQ.1.5:1;BA.2.32:1;BA.2.23:1
2192026,BA.2_0.04_abundance_0.03,C9344T;C9391T;A9424G,ORF1a:L3027F;ORF1a:D3042D;ORF1a:V3053V,7,164,0.0426829268292682,1008,BA.4.1.5:1;BA.5.3.2:4;BA.2.5:7;BA.5.1:48;BQ.1.8.2:6;BA.5.2.1:111;BA.2.9:96;BA.2.71:2;BA.5.2:55;BA.2.36:4;BA.5.1.22:2;BQ.1.1.17:1;BA.5.2.12:2;BA.4:3;BA.5.1.10:3;BF.7:4;BA.4.1:11;BA.2.12:3;BA.2:319;BA.2.12.1:88;BA.5.9:1;BA.2.9.5:8;BA.4.6:45;BA.5.1.23:4;BK.1:10;BA.5.8:1;BF.10:2;BA.2.10:13;BA.5.2.6:18;BA.5.2.3:1;BA.5.6:8;BF.7.5:2;BQ.1.1.22:1;BA.2.3.12:5;BA.2.76:2;BG.5:2;BA.2.3.17:2;BA.5:11;BF.5:7;BA.5.1.2:5;BA.2.68:3;BQ.1.1.23:1;BA.4.4:2;BA.2.2:7;BA.5.10:1;XBB.1:1;BA.5.5:14;BA.2.3:8;XBB.1.5:2;BA.2.18:7;BF.12:2;BA.2.75:4;BA.5.2.20:2;BA.5.1.6:1;BQ.1.1:2;BQ.1.1.5:1;BA.5.1.24:2;BA.2.3.13:2;BA.4.6.5:1;CM.2:1;BA.5.2.26:1;BQ.1.23:2;BA.5.6.3:1;BA.2.31:1;CH.1.1:2;BE.1:4;BA.4.1.1:2;BA.5.2.22:1;BA.2.3.10:1;BF.14:1;BA.2.38:1;BA.2.24:1;CL.1:1;BA.5.3.5:1;BA.5.6.1:1;BA.2.1:2;BQ.1.5:1;BA.2.32:1;BA.2.23:1
2192026,BA.2_0.04_abundance_0.03,C9534T;C9777T,ORF1a:T3090I;ORF1a:S3171F,194,908,0.2136563876651982,21,BA.2:6;BA.5.2.12:1;BE.1.1:1;BA.5.1.6:1;BA.5.2.6:1;BA.2.9:2;BA.5.1:2;BA.5.1.22:1;BA.2.9.2:1;BA.2.3:3;BQ.1.1.21:1;BA.2.10:1
2192026,BA.2_0.04_abundance_0.03,G10447A;T10535C,ORF1a:R3394R;ORF1a:Y3424H,24,476,0.0504201680672268,1,AY.108:1
2192026,BA.2_0.04_abundance_0.03,G12202T;G12434A,ORF1a:K3979N;ORF1a:V4057I,15,1237,0.0121261115602263,0,
2192026,BA.2_0.04_abundance_0.03,G13076A;G13100T;T13111A;C13134G;A13139G;G13148C;A13169C;A13187G;C13206T;A13237C,ORF1a:A4271T;ORF1a:A4279S;ORF1a:D4282E;ORF1a:P4290R;ORF1a:T4292A;ORF1a:V4295L;ORF1a:T4302P;ORF1a:I4308V;ORF1a:A4314V;ORF1a:A4324A,14,495,0.0282828282828282,0,
2192026,BA.2_0.04_abundance_0.03,A14617G;C14618A,ORF1b:T384A;ORF1b:T384N,5,463,0.0107991360691144,0,
2192026,BA.2_0.04_abundance_0.03,C15714T;C15774G,ORF1b:L749L;ORF1b:S769R,329,3255,0.1010752688172043,0,
2192026,BA.2_0.04_abundance_0.03,C15714T;T15819A,ORF1b:L749L;ORF1b:F784L,88,3227,0.0272699101332506,0,
2192026,BA.2_0.04_abundance_0.03,C16163T;A16210T,ORF1b:T899I;ORF1b:M915L,53,562,0.094306049822064,0,
2192026,BA.2_0.04_abundance_0.03,T17343C;C17410T,ORF1b:D1292D;ORF1b:R1315C,46,1565,0.0293929712460063,460,BA.5:1;BA.2:46;BA.5.2.27:4;BA.2.3:2;BA.5.2.1:27;BA.2.3.1:250;BA.5.2:67;AY.43:2;BE.1.2:1;BG.2:6;BA.2.75:12;BE.1.1:9;BA.4.1.1:1;BF.5:2;BA.5.2.4:1;XBB.1:1;BA.2.12.1:4;BE.3:2;BA.2.9:2;BQ.1:1;BA.2.10.1:1;BA.2.32:1;BA.4.6:5;BN.1.8:2;BA.2.13:1;BA.5.1.1:1;BA.2.23:1;BA.2.29:2;AY.5:2;BE.1.1.1:1;BA.2.9.5:1;BA.5.2.6:1
2192026,BA.2_0.04_abundance_0.03,A20630T;G20668C,ORF1b:H2388L;ORF1b:A2401P,65,451,0.1441241685144124,0,
2192026,BA.2_0.04_abundance_0.03,T21790C;G21987A,S:T76T;S:G142D,513,2387,0.2149141181399246,195,AY.122:2;BA.2:11;AY.4:9;AY.43:5;BA.5:3;AY.103:12;BA.5.1:69;BA.5.2:4;AY.44:13;BA.2.13:1;AY.100:10;BQ.1.1.18:17;BA.2.12.1:3;BA.5.2.21:1;BA.2.38:4;BA.4.1:1;AY.70:1;AY.121:1;BF.27:1;AY.30:2;BF.7.4.1:2;BA.2.76:1;B.1.617.2:5;BA.2.56:2;BA.1.1:2;BF.5:1;BF.7.5.1:1;AY.119.2:1;BA.5.2.6:1;AY.113:1;AY.4.5:1;AY.29:1;AY.120:2;BA.5.2.1:1;BA.5.1.21:1;AY.4.2:2
2192026,BA.2_0.04_abundance_0.03,T21790C;T21819C;G21987A,S:T76T;S:F86S;S:G142D,125,2387,0.0523669878508588,1,BA.1.1:1
2192026,BA.2_0.04_abundance_0.03,T21790C;T21819C,S:T76T;S:F86S,30,2860,0.0104895104895104,1,BA.1.1:1
2192026,BA.2_0.04_abundance_0.03,T21819C;G21987A,S:F86S;S:G142D,322,2389,0.1347844286312264,28,AY.122:1;B.1.617.2:1;BA.1.1.7:1;AY.4.2.2:1;BA.1.1:1;AY.111:1;AY.4:3;BA.1:2;AY.9.2:1;AY.4.2:4;AY.43:2;AY.4.2.1:2;AY.7:1;AY.3:1;BA.2:2;AY.23:1;AY.5.4:1;AY.39:1;BA.1.15:1
2192026,BA.2_0.04_abundance_0.03,C23525T;T23599G;C23604A;T23773G,S:H655Y;S:N679K;S:P681H;S:D737E,30,314,0.0955414012738853,6,BA.1.1:3;BA.2:1;BA.1.1.14:1;B.1.1.529:1
2192026,BA.2_0.04_abundance_0.03,C23525T;T23599G;C23604A;T23773G;T23803A,S:H655Y;S:N679K;S:P681H;S:D737E;S:T747T,5,236,0.0211864406779661,0,
2192026,BA.2_0.04_abundance_0.03,G23909A;G23948T,S:A783T;S:D796Y,47,302,0.1556291390728476,65,BA.5.2.20:2;BA.2.12.1:7;BA.5.6:3;BA.5.1:1;BA.1:8;XBB.1.5:2;BA.1.1:14;BA.1.1.1:1;BE.1.1:2;BA.1.17.2:6;BA.1.15:7;BA.1.1.2:1;BA.1.1.15:1;BA.2:1;BA.5.2.3:1;BA.5.2.6:1;BA.5.2:3;BA.2.10.1:1;BA.2.9:1;BA.1.1.18:1;XAZ:1
2192026,BA.2_0.04_abundance_0.03,C24767A;C25000T,S:P1069T;S:D1146D,1584,2934,0.5398773006134969,10,BA.2:2;BE.1.1:1;BF.5:1;BA.1.16:2;BA.5.2.1:2;CP.1:1;BA.2.18:1
2192026,BA.2_0.04_abundance_0.03,C24767A;G24781T;C25000T,S:P1069T;S:K1073N;S:D1146D,98,2934,0.0334014996591683,0,
2192026,BA.2_0.04_abundance_0.03,T25058C;T25070G;G25116T;T25129C;C25151T;A25195C,S:L1166L;S:S1170A;S:R1185L;S:V1189V;S:L1197F;S:K1211N,15,600,0.025,0,
2192026,BA.2_0.04_abundance_0.03,C25584T;C25587A;C25611T,ORF3a:T64T;ORF3a:L65L;ORF3a:L73L,11,1026,0.0107212475633528,0,
2192026,BA.2_0.04_abundance_0.03,C26164G;C26270T,ORF3a:P258A;E:T9I,18,180,0.1,9,BA.1:3;BA.5.1.22:3;BA.5.2.1:2;BA.2:1
2192026,BA.2_0.04_abundance_0.03,T27901G;T27902C;A27917G;A27965C;A27983T;T28010A;C28011A,ORF8:F3C;ORF8:F3F;ORF8:G8G;ORF8:S24S;ORF8:P30P;ORF8:I39I;ORF8:H40N,11,538,0.020446096654275,0,
2192026,BA.2_0.04_abundance_0.03,T28219A;C28311T,ORF8:L109*;N:P13L,212,1445,0.1467128027681661,22,BA.1.1:14;BA.1.1.18:1;BA.5.2:1;BA.2.9.5:1;BA.2.3.13:1;BA.5.1:2;BA.1.15:1;BA.1:1
2192026,BA.2_0.04_abundance_0.03,T28219A;T28252A;C28311T,ORF8:L109*;ORF8:F120Y;N:P13L,30,1445,0.0207612456747404,0,
2192026,BA.2_0.04_abundance_0.03,T28252A;C28311T,ORF8:F120Y;N:P13L,158,1445,0.1093425605536332,4,BA.1.17:1;BA.2.12.1:1;BA.2.75:1;BA.5.2:1
2192026,BA.2_0.04_abundance_0.03,A29510C;T29610C,N:S413R;ORF10:L18S,65,313,0.2076677316293929,20,BA.5.2.1:1;BA.2:9;BA.2.3:4;BA.2.31:2;BA.2.3.12:1;BA.5:1;BF.27:1;BA.2.62:1
2262026,BA.2_0.04_abundance_0.03,T523A;T670G,ORF1a:V86V;ORF1a:S135R,65,2833,0.0229438757500882,149,BA.2:40;BA.2.3.2:1;BE.1:29;BF.31:2;BA.2.38:1;BA.5.2:4;BQ.1.1:9;BA.5.2.9:5;BA.5.2.1:13;BA.2.9:2;BA.5.1.4:4;BA.2.12.1:13;BA.2.1:1;BA.5.1:6;BA.5.8:2;BA.5.5:2;BF.5:1;BA.2.3:1;BA.5:2;BF.21:2;BA.5.2.24:1;BF.7:3;BA.5.2.14:1;BE.1.1:1;BR.1:1;BA.2.10.2:1;BA.2.75:1
2262026,BA.2_0.04_abundance_0.03,T670G;G762A,ORF1a:S135R;ORF1a:S166N,51,583,0.0874785591766723,104,BA.5.2.1:6;BA.2:14;BA.5.1:11;BA.5:1;BA.5.1.22:13;BF.5:5;BF.2:1;BA.5.6:2;BA.2.40.1:7;BA.2.3.11:6;BA.5.2:5;BA.2.10:1;BA.4.6:1;BE.1.1:4;BA.2.9:2;BA.2.12.1:7;BA.2.3.2:1;BA.2.6:1;BA.5.1.25:1;BA.2.3:1;BA.2.5:1;BA.5.1.10:2;BE.1:2;BA.2.20:1;BA.2.3.1:1;BF.7:3;BA.5.3.1:1;BA.2.75:1;BF.10:1;BA.5.2.26:1
2262026,BA.2_0.04_abundance_0.03,G1018A;A1049G;T1073G;T1086C;A1109T;T1114C;C1122T;C1221A;T1240C;A1269C,ORF1a:L251L;ORF1a:K262E;ORF1a:C270G;ORF1a:V274A;ORF1a:K282*;ORF1a:T283T;ORF1a:P286L;ORF1a:T319N;ORF1a:H325H;ORF1a:D335A,60,2933,0.0204568700988748,0,
2262026,BA.2_0.04_abundance_0.03,C1645A;A1646T;G1661C;C1663A;G1748A;C1762G;A1799G;A1814G;A1844C;A1870T,ORF1a:N460K;ORF1a:I461F;ORF1a:D466H;ORF1a:D466E;ORF1a:D495N;ORF1a:F499L;ORF1a:T512A;ORF1a:K517E;ORF1a:K527Q;ORF1a:A535A,47,2289,0.0205329838357361,0,
2262026,BA.2_0.04_abundance_0.03,T2934G;C3037T,ORF1a:L890R;ORF1a:F924F,340,551,0.617059891107078,0,
2262026,BA.2_0.04_abundance_0.03,A3852T;T3862A;A3872C;G3878A;T3898C;T3930G;C3987A;G4016C;A4019T;A4032G,ORF1a:E1196V;ORF1a:V1199V;ORF1a:I1203L;ORF1a:E1205K;ORF1a:V1211V;ORF1a:V1222G;ORF1a:T1241K;ORF1a:E1251Q;ORF1a:N1252Y;ORF1a:Y1256C,17,1410,0.0120567375886524,0,
2262026,BA.2_0.04_abundance_0.03,G6670C;T6792G;T6808G,ORF1a:W2135C;ORF1a:L2176W;ORF1a:T2181T,6,245,0.0244897959183673,0,
2262026,BA.2_0.04_abundance_0.03,T6792G;T6808G,ORF1a:L2176W;ORF1a:T2181T,68,256,0.265625,0,
2262026,BA.2_0.04_abundance_0.03,C8664T;G8696C;T8918G;G8939A,ORF1a:T2800I;ORF1a:A2811P;ORF1a:L2885V;ORF1a:V2892I,8,315,0.0253968253968253,0,
2262026,BA.2_0.04_abundance_0.03,G8939A;T8954C;G8975C;G9003C;A9023G;T9089A;C9122G;G9130C;G9137A;C9163T;T9178G;T9183C,ORF1a:V2892I;ORF1a:Y2897H;ORF1a:E2904Q;ORF1a:C2913S;ORF1a:T2920A;ORF1a:S2942T;ORF1a:R2953G;ORF1a:V2955V;ORF1a:D2958N;ORF1a:N2966N;ORF1a:G2971G;ORF1a:V2973A,21,761,0.0275952693823915,0,
2262026,BA.2_0.04_abundance_0.03,C9344T;A9409C;A9424G;C9534T,ORF1a:L3027F;ORF1a:V3048V;ORF1a:V3053V;ORF1a:T3090I,31,122,0.2540983606557377,2,BA.2:2
2262026,BA.2_0.04_abundance_0.03,C9344T;A9409C;A9424G,ORF1a:L3027F;ORF1a:V3048V;ORF1a:V3053V,11,156,0.0705128205128205,2,BA.2:2
2262026,BA.2_0.04_abundance_0.03,C9515G;C9534T;C9565G;T9574A;T9680A;T9695G;C9700A;G9705A;A9740C;A9748C;A9754C;C9755T,ORF1a:L3084V;ORF1a:T3090I;ORF1a:F3100L;ORF1a:G3103G;ORF1a:W3139R;ORF1a:Y3144D;ORF1a:I3145I;ORF1a:C3147Y;ORF1a:N3159H;ORF1a:L3161L;ORF1a:R3163S;ORF1a:R3164C,20,723,0.0276625172890733,0,
2262026,BA.2_0.04_abundance_0.03,C9534T;C9565G;T9574A;T9680A;T9695G;C9700A;G9705A;A9740C;A9748C;A9754C;C9755T,ORF1a:T3090I;ORF1a:F3100L;ORF1a:G3103G;ORF1a:W3139R;ORF1a:Y3144D;ORF1a:I3145I;ORF1a:C3147Y;ORF1a:N3159H;ORF1a:L3161L;ORF1a:R3163S;ORF1a:R3164C,19,1451,0.0130944176430048,0,
2262026,BA.2_0.04_abundance_0.03,G10447A;C10449A;A10661C,ORF1a:R3394R;ORF1a:P3395H;ORF1a:N3466H,27,721,0.0374479889042995,0,
2262026,BA.2_0.04_abundance_0.03,T10813G;A10842C;T10852A;C10871A;C10889G;T10913A,ORF1a:L3516L;ORF1a:D3526A;ORF1a:A3529A;ORF1a:Q3536K;ORF1a:R3542G;ORF1a:L3550I,20,976,0.0204918032786885,0,
2262026,BA.2_0.04_abundance_0.03,G11064C;T11079G;T11107G;T11125G;T11135C;T11149A;T11164G;T11197G;G11230T,ORF1a:W3600S;ORF1a:F3605C;ORF1a:F3614L;ORF1a:A3620A;ORF1a:F3624L;ORF1a:F3628L;ORF1a:H3633Q;ORF1a:L3644L;ORF1a:M3655I,44,2100,0.0209523809523809,0,
2262026,BA.2_0.04_abundance_0.03,T11940C;C11942A;A11952T;A11991G;T11997G;C12005G;A12030G;G12052T;C12099A;A12103T;T12112G;C12123G;A12126T;A12130C,ORF1a:V3892A;ORF1a:Q3893K;ORF1a:N3896I;ORF1a:E3909G;ORF1a:M3911R;ORF1a:L3914V;ORF1a:Q3922R;ORF1a:K3929N;ORF1a:A3945D;ORF1a:S3946S;ORF1a:S3949R;ORF1a:S3953*;ORF1a:Y3954F;ORF1a:A3955A,27,1636,0.0165036674816625,0,
2262026,BA.2_0.04_abundance_0.03,G12838T;C12880T,ORF1a:L4191F;ORF1a:I4205I,25,1569,0.0159337157425111,133,BA.2.10:4;BA.2:39;BA.5.1.30:1;BA.5.1.5:1;BA.2.26:1;BA.2.9:17;B.1.596:1;B.1.2:33;XBB.1.5:14;BA.4:1;BE.1.1:1;BA.5.1:5;BA.2.3:1;BA.2.34:1;BA.2.75:3;BA.5.6:1;BA.2.56:1;BF.5:1;BA.5.1.25:1;BA.5.2:1;BA.5.2.1:3;BA.5:1;BA.4.6:1
2262026,BA.2_0.04_abundance_0.03,G12838T;C12880T;G13007A,ORF1a:L4191F;ORF1a:I4205I;ORF1a:A4248T,28,1465,0.0191126279863481,0,
2262026,BA.2_0.04_abundance_0.03,C12880T;G12983A,ORF1a:I4205I;ORF1a:G4240S,77,1465,0.0525597269624573,2,BF.5:1;BA.5.1.24:1
2262026,BA.2_0.04_abundance_0.03,C12880T;G13007A,ORF1a:I4205I;ORF1a:A4248T,408,1465,0.2784982935153584,13,BA.5.1:1;BA.5.6:1;BA.5.2.1:5;BA.5.2.20:1;BF.5:1;BA.5.2:2;BA.2:1;BA.2.12.1:1
2262026,BA.2_0.04_abundance_0.03,C12880T;T12953C;G13007A,ORF1a:I4205I;ORF1a:F4230L;ORF1a:A4248T,128,1465,0.0873720136518771,0,
2262026,BA.2_0.04_abundance_0.03,C12880T;T12953C;G12983A,ORF1a:I4205I;ORF1a:F4230L;ORF1a:G4240S,41,1465,0.0279863481228668,0,
2262026,BA.2_0.04_abundance_0.03,C12880T;G12983A;G13007A,ORF1a:I4205I;ORF1a:G4240S;ORF1a:A4248T,75,1465,0.0511945392491467,0,
2262026,BA.2_0.04_abundance_0.03,C12880T;T12953C,ORF1a:I4205I;ORF1a:F4230L,177,1567,0.1129546904913848,1,BA.4.6:1
2262026,BA.2_0.04_abundance_0.03,C12880T;T12953C;G12983A;G13007A,ORF1a:I4205I;ORF1a:F4230L;ORF1a:G4240S;ORF1a:A4248T,39,1465,0.0266211604095563,0,
2262026,BA.2_0.04_abundance_0.03,G13076A;G13100T;T13111A;C13134G;A13139G;G13148C;A13169C;A13187G;C13206T;A13237C;G13332T,ORF1a:A4271T;ORF1a:A4279S;ORF1a:D4282E;ORF1a:P4290R;ORF1a:T4292A;ORF1a:V4295L;ORF1a:T4302P;ORF1a:I4308V;ORF1a:A4314V;ORF1a:A4324A;ORF1a:C4356F,30,1147,0.02615518744551,0,
2262026,BA.2_0.04_abundance_0.03,A13969G;C13987T;A14012T;T14019A;G14020A;T14037C;C14057G;C14110G;A14121T;T14136A;A14142C;T14154C;A14164T;G14187T,ORF1b:N168D;ORF1b:R174C;ORF1b:Q182L;ORF1b:C184*;ORF1b:D185N;ORF1b:A190A;ORF1b:T197R;ORF1b:Q215E;ORF1b:P218P;ORF1b:P223P;ORF1b:V225V;ORF1b:Y229Y;ORF1b:M233L;ORF1b:R240S,14,1264,0.0110759493670886,0,
2262026,BA.2_0.04_abundance_0.03,A13969G;C13987T;A14012T;T14019A;G14020A;T14037C;C14057G;C14110G;A14121T;T14136A;A14142C;A14164T;G14187T,ORF1b:N168D;ORF1b:R174C;ORF1b:Q182L;ORF1b:C184*;ORF1b:D185N;ORF1b:A190A;ORF1b:T197R;ORF1b:Q215E;ORF1b:P218P;ORF1b:P223P;ORF1b:V225V;ORF1b:M233L;ORF1b:R240S,13,1264,0.0102848101265822,0,
2262026,BA.2_0.04_abundance_0.03,C14408T;G14450C,ORF1b:P314L;ORF1b:G328A,136,313,0.4345047923322683,8,BA.5.2.9:1;BA.5.2:6;B.1.1.7:1
2262026,BA.2_0.04_abundance_0.03,C14408T;G14450C;G14566A,ORF1b:P314L;ORF1b:G328A;ORF1b:A367T,6,53,0.1132075471698113,0,
2262026,BA.2_0.04_abundance_0.03,C14408T;G14450C;A14513G,ORF1b:P314L;ORF1b:G328A;ORF1b:D349G,13,292,0.0445205479452054,0,
2262026,BA.2_0.04_abundance_0.03,C15450G;A15478C,ORF1b:G661G;ORF1b:T671P,48,2220,0.0216216216216216,0,
2262026,BA.2_0.04_abundance_0.03,A15911G;T16002G,ORF1b:D815G;ORF1b:L845L,376,2675,0.1405607476635514,0,
2262026,BA.2_0.04_abundance_0.03,T15915G;T15916C;A15917T;T15920G;G15961C;T16004G;G16027C;A16055T;G16130A,ORF1b:D816E;ORF1b:Y817H;ORF1b:Y817F;ORF1b:V818G;ORF1b:G832R;ORF1b:M846R;ORF1b:A854P;ORF1b:H863L;ORF1b:G888E,25,2484,0.0100644122383252,0,
2262026,BA.2_0.04_abundance_0.03,T16908A;T16913C;A16923C;C16928T;G16959C;A16967G;C17000A;A17037T;G17058A,ORF1b:Y1147*;ORF1b:V1149A;ORF1b:S1152S;ORF1b:T1154I;ORF1b:V1164V;ORF1b:E1167G;ORF1b:T1178K;ORF1b:A1190A;ORF1b:M1197I,29,1308,0.0221712538226299,0,
2262026,BA.2_0.04_abundance_0.03,G17162A;C17410T,ORF1b:C1232Y;ORF1b:R1315C,255,4101,0.0621799561082662,0,
2262026,BA.2_0.04_abundance_0.03,T17279A;C17410T,ORF1b:V1271E;ORF1b:R1315C,346,4101,0.0843696659351377,0,
2262026,BA.2_0.04_abundance_0.03,T17279A;T17291A;C17410T,ORF1b:V1271E;ORF1b:L1275*;ORF1b:R1315C,44,4101,0.01072909046574,0,
2262026,BA.2_0.04_abundance_0.03,T17291A;C17410T,ORF1b:L1275*;ORF1b:R1315C,310,4101,0.0755913191904413,0,
2262026,BA.2_0.04_abundance_0.03,G17405A;C17410T,ORF1b:R1313K;ORF1b:R1315C,109,4103,0.0265659273702169,18,BF.5:4;BA.5.2.1:8;BA.2:2;B.1.2:1;BA.2.9:1;BA.2.3:1;BA.2.12.1:1
2262026,BA.2_0.04_abundance_0.03,C17410T;A17614T,ORF1b:R1315C;ORF1b:K1383*,36,327,0.110091743119266,1,BA.2.5:1
2262026,BA.2_0.04_abundance_0.03,A17614T;C17649T;C17710G;T17714A,ORF1b:K1383*;ORF1b:C1394C;ORF1b:Q1415E;ORF1b:I1416K,32,2008,0.0159362549800796,0,
2262026,BA.2_0.04_abundance_0.03,C17710G;T17714A;C17762A;G17764T;T17771A;C17818T;T17859C;T17863G;C17885T;T17901G;T17922A;T17925G;C17933G;T17963A;A17969C,ORF1b:Q1415E;ORF1b:I1416K;ORF1b:A1432D;ORF1b:V1433F;ORF1b:I1435N;ORF1b:L1451L;ORF1b:Y1464Y;ORF1b:Y1466D;ORF1b:T1473I;ORF1b:S1478S;ORF1b:N1485K;ORF1b:V1486V;ORF1b:T1489S;ORF1b:M1499K;ORF1b:D1501A,13,481,0.027027027027027,0,
2262026,BA.2_0.04_abundance_0.03,G17753A;T17863A,ORF1b:W1429*;ORF1b:Y1466N,17,1353,0.0125646711012564,0,
2262026,BA.2_0.04_abundance_0.03,T17863A;T17873A,ORF1b:Y1466N;ORF1b:F1469Y,24,1353,0.0177383592017738,0,
2262026,BA.2_0.04_abundance_0.03,A18163G;G18213T,ORF1b:I1566V;ORF1b:M1582I,18,830,0.0216867469879518,14,BA.5.1:1;BA.1.1:6;BA.1.1.18:1;BA.5.5:3;BA.2.75:1;BA.1.1.2:1;BA.5.2:1
2262026,BA.2_0.04_abundance_0.03,C20648A;T20701C,ORF1b:P2394Q;ORF1b:Y2412H,10,477,0.020964360587002,0,
2262026,BA.2_0.04_abundance_0.03,G21870T;G21987A,S:G103V;S:G142D,14,656,0.0213414634146341,5,AY.85:2;AY.107:1;AY.122:1;AY.43:1
2262026,BA.2_0.04_abundance_0.03,T22087G;T22200G,S:F175L;S:V213G,211,656,0.3216463414634146,10,BA.5.2.1:3;BA.2.9:2;BA.5.1:1;BA.5.2:2;BA.5.2.6:1;BQ.1.1.3:1
2262026,BA.2_0.04_abundance_0.03,C22674T;T22679C;C22686T;A22688G;A22803T,S:S371F;S:S373P;S:S375F;S:T376A;S:Q414L,11,26,0.4230769230769231,1,BA.2.38.1:1
2262026,BA.2_0.04_abundance_0.03,T22836C;T22843G;G22870C;T22891A;T22937C;A22974C;G22992A;C22995A;A22996C;C22998G;G23001C;A23013C;T23032C;A23040G;A23055G;A23063T,S:L425S;S:D427E;S:W436C;S:S443S;S:S459P;S:E471A;S:S477N;S:T478K;S:T478T;S:P479R;S:C480S;S:E484A;S:F490F;S:Q493R;S:Q498R;S:N501Y,7,232,0.0301724137931034,0,
2262026,BA.2_0.04_abundance_0.03,G22992A;C22995A;G23001A;A23013C;A23040G;A23055G;A23063T,S:S477N;S:T478K;S:C480Y;S:E484A;S:Q493R;S:Q498R;S:N501Y,51,392,0.1301020408163265,1,BA.2.9:1
2262026,BA.2_0.04_abundance_0.03,G22992A;C22995A;G23001A;A23013C;A23040G,S:S477N;S:T478K;S:C480Y;S:E484A;S:Q493R,5,427,0.0117096018735363,2,BA.2.9:1;BA.2:1
2262026,BA.2_0.04_abundance_0.03,T23178A;G23264C;T23272A;C23280A;C23286G;G23288T;T23289A;T23308A;G23309C;T23322A;A23357G;A23403G,S:V539D;S:D568H;S:A570A;S:T573N;S:A575G;S:V576F;S:V576D;S:L582L;S:E583Q;S:I587N;S:T599A;S:D614G,25,1289,0.0193948797517455,0,
2262026,BA.2_0.04_abundance_0.03,A23261T;G23311C;A23403G,S:R567*;S:E583D;S:D614G,25,1289,0.0193948797517455,0,
2262026,BA.2_0.04_abundance_0.03,A23261T;A23403G,S:R567*;S:D614G,24,1289,0.0186190845616757,1,AY.126:1
2262026,BA.2_0.04_abundance_0.03,C23525T;T23599G;C23604A;A23674G,S:H655Y;S:N679K;S:P681H;S:S704S,487,1098,0.4435336976320583,61,BA.1:3;BA.2:18;BA.5.2.1:4;BA.1.1:15;BA.2.3.5:3;BF.7.4:3;BA.2.3.2:1;BA.5:1;BA.1.1.18:2;BA.5.1:1;BA.2.9:2;BA.2.9.5:1;BA.5.1.1:1;BA.1.15:2;BA.5.2:2;BA.4.6:1;BA.5.2.31:1
2262026,BA.2_0.04_abundance_0.03,T24271C;A24424T,S:A903A;S:Q954H,20,443,0.0451467268623024,2547,BA.2.10:19;BA.1.1:2461;BA.2:13;BA.2.3:2;BA.2.37:12;BA.5.1.23:1;BA.1.1.1:1;BA.1:11;BA.5.2.1:1;BA.2.12.1:1;BQ.1.1.24:4;BA.5.6:1;BA.1.1.7:1;B.1.1.529:17;BA.1.1.14:2
2262026,BA.2_0.04_abundance_0.03,A24402C;A24424T,S:K947T;S:Q954H,15,443,0.0338600451467268,7,BA.1:5;BA.1.17.2:1;BA.1.1:1
2262026,BA.2_0.04_abundance_0.03,T25058C;T25070G;G25116T;T25129C;C25151T;A25195C;C25318G,S:L1166L;S:S1170A;S:R1185L;S:V1189V;S:L1197F;S:K1211N;S:S1252S,10,380,0.0263157894736842,0,
2262026,BA.2_0.04_abundance_0.03,C25318G;T25343C;A25351G;T25370A;T25476G;C25484G;T25496G;C25508G;T25532G;C25549A;G25555A;C25584T;T25586A,S:S1252S;S:S1261P;S:P1263P;S:L1270I;ORF3a:F28L;ORF3a:A31G;ORF3a:I35R;ORF3a:A39G;ORF3a:I47S;ORF3a:L53I;ORF3a:V55I;ORF3a:T64T;ORF3a:L65H,34,1625,0.0209230769230769,0,
2262026,BA.2_0.04_abundance_0.03,T25343C;A25351G;T25370A;T25476G;C25484G;T25496G;C25508G;T25532G;C25549A;G25555A;C25584T;T25586A,S:S1261P;S:P1263P;S:L1270I;ORF3a:F28L;ORF3a:A31G;ORF3a:I35R;ORF3a:A39G;ORF3a:I47S;ORF3a:L53I;ORF3a:V55I;ORF3a:T64T;ORF3a:L65H,28,2719,0.0102979036410445,0,
2262026,BA.2_0.04_abundance_0.03,A26059G;T26080C;C26082T;A26115G;C26270T,ORF3a:T223A;ORF3a:F230L;ORF3a:F230F;ORF3a:E241E;E:T9I,8,256,0.03125,0,
2262026,BA.2_0.04_abundance_0.03,C26577G;T26580G;A26592G;A26643T;T26657C;G26660C;G26696A;G26709A;G26713A;C26725A;A26738T;G26779C;T26794A;T26837A;G26852A;C26858T,M:Q19E;M:W20G;M:I24V;M:N41Y;M:F45F;M:L46F;M:W58*;M:A63T;M:C64Y;M:A68D;M:R72S;M:C86S;M:M91K;M:R105R;M:W110*;M:F112F,79,3518,0.0224559408754974,0,
2262026,BA.2_0.04_abundance_0.03,C27538G;C27567G;A27578G;A27607C;C27619T;T27634A;T27640A;G27670T,ORF7a:L49V;ORF7a:C58W;ORF7a:Q62R;ORF7a:K72Q;ORF7a:Q76*;ORF7a:S81T;ORF7a:S83T;ORF7a:V93F,6,259,0.0231660231660231,0,
2262026,BA.2_0.04_abundance_0.03,C27603G;C27807T,ORF7a:G70G;ORF7b:L18L,36,190,0.1894736842105263,11,BA.2.12.1:1;BA.5.1:5;BA.2:3;BA.2.10:1;BA.1:1
2262026,BA.2_0.04_abundance_0.03,C27603G;T27681G;C27807T,ORF7a:G70G;ORF7a:L96L;ORF7b:L18L,8,190,0.0421052631578947,0,
2262026,BA.2_0.04_abundance_0.03,T27681G;C27807T,ORF7a:L96L;ORF7b:L18L,18,190,0.0947368421052631,45,BA.2:11;BA.4.1:1;BA.1.1:5;BA.2.9:2;BA.5.2.1:5;BA.2.12.1:1;BA.5.2:2;BA.5.1:6;BE.3:8;BA.1.18:1;BA.2.75:2;BA.2.11:1
2262026,BA.2_0.04_abundance_0.03,T28130G;A28173T;G28183A;T28192G;A28207C;T28224G;A28274C;C28291G;A28295T;G28307A;C28311T;G28337T;C28344A,ORF8:Y79*;ORF8:K94*;ORF8:S97N;ORF8:V100G;ORF8:Y105S;ORF8:Y111D;N:MX;N:P6P;N:N8Y;N:A12T;N:P13L;N:D22Y;N:T24N,34,1672,0.020334928229665,0,
2262026,BA.2_0.04_abundance_0.03,C28512A;G28551T;G28580A;A28626T;A28633G,N:P80Q;N:R93L;N:D103N;N:E118V;N:G120G,6,230,0.0260869565217391,0,
2262026,BA.2_0.04_abundance_0.03,T29036G;A29039C;C29061T;C29067G;A29079C;G29106T;G29132T;A29181T;G29204T;T29225G;A29237G;C29247T;A29267G;T29278C;C29280A,N:S255A;N:K256Q;N:T263I;N:T265S;N:N269T;N:G278V;N:G287W;N:Q303L;N:A311S;N:S318A;N:M322V;N:T325I;N:T332A;N:G335G;N:A336D,40,1696,0.0235849056603773,0,
2262026,BA.2_0.04_abundance_0.03,A29510C;C29606T,N:S413R;ORF10:L17F,67,1346,0.0497771173848439,69,BA.2.2:1;BA.2:23;BA.4.7:1;BA.4.6:32;BA.2.12.1:4;BA.2.9:1;BF.7:2;BA.2.75:2;BA.5.2.1:1;BA.2.73:1;BF.7.5:1
3052026,BA.2_0.04_abundance_0.03,C560A;T670G,ORF1a:R99S;ORF1a:S135R,191,4724,0.0404318374259102,43,BE.1:1;BA.2:17;BA.5.2.1:5;BA.5.2:3;BA.4.1:1;BA.2.9.3:1;BA.2.75:1;BF.5:1;BA.5.1:7;BA.2.3:1;BF.7:1;BF.8:1;BA.2.7:1;BE.1.1:1;BA.5.2.24:1
3052026,BA.2_0.04_abundance_0.03,T670G;A976T,ORF1a:S135R;ORF1a:E237D,6,246,0.024390243902439,11,BF.27:5;BA.5.1:2;BA.5.2.1:2;BA.5.5:1;BA.2:1
3052026,BA.2_0.04_abundance_0.03,G1018A;A1049G;T1073G;T1086C;A1109T;T1114C;C1122T;C1221A;T1240C;A1269C,ORF1a:L251L;ORF1a:K262E;ORF1a:C270G;ORF1a:V274A;ORF1a:K282*;ORF1a:T283T;ORF1a:P286L;ORF1a:T319N;ORF1a:H325H;ORF1a:D335A,102,4116,0.0247813411078717,0,
3052026,BA.2_0.04_abundance_0.03,G1607T;C1645A;A1646T;G1661C;C1663A;G1748A;C1762G;A1799G;A1814G;A1844C;A1870T,ORF1a:D448Y;ORF1a:N460K;ORF1a:I461F;ORF1a:D466H;ORF1a:D466E;ORF1a:D495N;ORF1a:F499L;ORF1a:T512A;ORF1a:K517E;ORF1a:K527Q;ORF1a:A535A,17,752,0.0226063829787234,0,
3052026,BA.2_0.04_abundance_0.03,C1645A;A1646T;G1661C;C1663A;G1748A;C1762G;A1799G;A1814G;A1844C;A1870T,ORF1a:N460K;ORF1a:I461F;ORF1a:D466H;ORF1a:D466E;ORF1a:D495N;ORF1a:F499L;ORF1a:T512A;ORF1a:K517E;ORF1a:K527Q;ORF1a:A535A,38,2884,0.0131761442441054,0,
3052026,BA.2_0.04_abundance_0.03,G2875T;G2946A;T2959C;A2977T;A2986G;T3001C;A3010T;T3026G;C3037T;C3045T;G3066T,ORF1a:E870D;ORF1a:G894D;ORF1a:D898D;ORF1a:T904T;ORF1a:L907L;ORF1a:G912G;ORF1a:K915N;ORF1a:Y921D;ORF1a:F924F;ORF1a:P927L;ORF1a:G934V,6,390,0.0153846153846153,0,
3052026,BA.2_0.04_abundance_0.03,G2875T;G2946A;T2959C;A2977T;A2986G;T3001C;A3010T;T3026G;C3037T;C3045T,ORF1a:E870D;ORF1a:G894D;ORF1a:D898D;ORF1a:T904T;ORF1a:L907L;ORF1a:G912G;ORF1a:K915N;ORF1a:Y921D;ORF1a:F924F;ORF1a:P927L,6,390,0.0153846153846153,0,
3052026,BA.2_0.04_abundance_0.03,G2894T;C3037T,ORF1a:D877Y;ORF1a:F924F,10,393,0.0254452926208651,143,P.1:18;AY.118:1;AY.102:21;AY.125:3;AY.4:2;B.1.617.2:8;AY.98:4;AY.47:1;BA.5.2.31:1;AY.4.2:2;B.1.1.7:11;AY.20:5;BA.5.3.5:1;B.1.426:1;B.1.1.214:6;AY.103:2;AY.9:4;AY.43:1;BA.2.75:3;BA.5.2.1:1;BQ.1.1:2;BF.5:1;B.1.2:1;B.1.1:2;BA.4.6:2;AY.44:3;BA.2:6;AY.25:11;BA.1.1:8;AY.122:2;AY.3:1;AY.5:1;BA.2.34:1;AY.5.3:1;BA.1.17:1;B.1.524:1;AY.112:1;B.1.429:1;BA.2.56:1
3052026,BA.2_0.04_abundance_0.03,G2894T;C3037T;G3066T,ORF1a:D877Y;ORF1a:F924F;ORF1a:G934V,9,393,0.0229007633587786,0,
3052026,BA.2_0.04_abundance_0.03,T2926A;C3037T,ORF1a:S887S;ORF1a:F924F,20,393,0.0508905852417302,115,BA.2:5;BA.2.10:11;BA.1.14:4;B.1.617.2:6;AY.46.4:7;BA.5.2.1:3;BA.1.1.1:1;BQ.1:1;B.1.1.222:9;AY.85:2;XBB.2:1;AY.4:26;AY.121:4;AY.3:1;BA.2.38.1:1;BA.5.2:1;AY.4.2:2;BA.1.1:6;AY.44:2;BA.5.1:4;AY.98.1:4;P.1:1;BA.1:1;B.1.2:1;AY.25:3;AY.34.2:1;B.1.429:1;B.1.1.7:1;B.1.1.274:2;B.1.1:1;AY.57:1;BA.2.75:1
3052026,BA.2_0.04_abundance_0.03,T2926A;C3037T;G3066T,ORF1a:S887S;ORF1a:F924F;ORF1a:G934V,8,393,0.0203562340966921,0,
3052026,BA.2_0.04_abundance_0.03,C3037T;G3066T,ORF1a:F924F;ORF1a:G934V,106,393,0.2697201017811705,657,AY.4:213;BA.2:10;AY.99.2:2;AY.43:8;AY.92:5;B.1.637:102;BF.27:49;AY.122:72;AY.78:3;B.1.1.7:26;AY.25.1:9;B.1.1.176:1;AY.98:2;BA.5.2.21:1;AY.20:3;AY.36:1;BA.2.75:1;AY.127:6;B.1.221:1;BA.2.12.1:3;BA.5.2:4;AY.126:1;AY.23:2;B.1.617.2:23;BA.1:21;B.1.427:23;AY.103:2;AY.35:1;B.1.177:3;BA.2.9:2;B.1:5;BA.1.20:2;AY.120.2:1;AY.4.2.1:2;BA.4.1:1;AY.26:1;BA.5.1:6;AY.102:1;AY.3:1;AY.4.10:1;B.1.621:2;AY.29:1;AY.44:2;B.1.1.318:1;BA.2.29:2;BA.5.1.26:4;AY.100:2;P.1:2;BA.1.1:7;B.1.1.529:2;BA.2.23:1;B.1.1:1;BA.5.1.3:1;BA.1.16:1;BQ.1.5:2;AY.64:1;AY.4.2:1;BA.2.9.3:1;CM.5:2
3052026,BA.2_0.04_abundance_0.03,A3210C;G3216C;A3309T;A3314T;G3353A;A3374C;T3378C;A3390C;G3407A;A3414C;G3443C,ORF1a:D982A;ORF1a:S984T;ORF1a:E1015V;ORF1a:T1017S;ORF1a:G1030S;ORF1a:N1037H;ORF1a:V1038A;ORF1a:N1042T;ORF1a:E1048K;ORF1a:K1050T;ORF1a:A1060P,10,470,0.0212765957446808,0,
3052026,BA.2_0.04_abundance_0.03,A3210C;G3216C;A3220G;A3309T;A3314T;G3353A;A3374C;T3378C;A3390C;G3407A;A3414C;G3443C,ORF1a:D982A;ORF1a:S984T;ORF1a:Q985Q;ORF1a:E1015V;ORF1a:T1017S;ORF1a:G1030S;ORF1a:N1037H;ORF1a:V1038A;ORF1a:N1042T;ORF1a:E1048K;ORF1a:K1050T;ORF1a:A1060P,7,470,0.0148936170212765,0,
3052026,BA.2_0.04_abundance_0.03,G3560T;C3583A;A3600G;G3614C;A3643G;A3674G;A3684C;T3700C;C3702G;A3712C;T3718G;G3720T;T3723G;T3733C;C3737G,ORF1a:V1099L;ORF1a:S1106R;ORF1a:K1112R;ORF1a:V1117L;ORF1a:E1126E;ORF1a:N1137D;ORF1a:Q1140P;ORF1a:L1145L;ORF1a:A1146G;ORF1a:L1149F;ORF1a:A1151A;ORF1a:G1152V;ORF1a:I1153S;ORF1a:A1156A;ORF1a:P1158A,12,378,0.0317460317460317,0,
3052026,BA.2_0.04_abundance_0.03,G6032T;A6131G,ORF1a:A1923S;ORF1a:K1956E,28,285,0.0982456140350877,0,
3052026,BA.2_0.04_abundance_0.03,T6535A;G6536A;T6556C;G6589C;T6598G;G6632A;T6668G;T6699G,ORF1a:V2090V;ORF1a:G2091S;ORF1a:A2097A;ORF1a:K2108N;ORF1a:N2111K;ORF1a:A2123T;ORF1a:W2135G;ORF1a:F2145C,10,309,0.0323624595469255,0,
3052026,BA.2_0.04_abundance_0.03,T7356C;C7392A;A7409G;G7476A;T7489A;T7499A;C7536G;A7569C;G7577A;G7599A;T7605G;T7612A;G7622A,ORF1a:L2364P;ORF1a:P2376Q;ORF1a:R2382G;ORF1a:C2404Y;ORF1a:T2408T;ORF1a:C2412S;ORF1a:T2424R;ORF1a:Y2435S;ORF1a:A2438T;ORF1a:C2445Y;ORF1a:L2447R;ORF1a:N2449K;ORF1a:V2453I,23,925,0.0248648648648648,0,
3052026,BA.2_0.04_abundance_0.03,A7710C;G7761C;C7772A;G7781T;C7788G;G7790T;T7801A;C7860T;T7861A;T7876A,ORF1a:N2482T;ORF1a:G2499A;ORF1a:L2503I;ORF1a:D2506Y;ORF1a:A2508G;ORF1a:G2509C;ORF1a:T2512T;ORF1a:T2532I;ORF1a:T2532T;ORF1a:P2537P,14,520,0.0269230769230769,0,
3052026,BA.2_0.04_abundance_0.03,T7984A;T8082A,ORF1a:D2573E;ORF1a:M2606K,11,438,0.0251141552511415,0,
3052026,BA.2_0.04_abundance_0.03,T7984A;A8224C,ORF1a:D2573E;ORF1a:E2653D,7,411,0.0170316301703163,0,
3052026,BA.2_0.04_abundance_0.03,T8082A;A8224C,ORF1a:M2606K;ORF1a:E2653D,34,506,0.067193675889328,0,
3052026,BA.2_0.04_abundance_0.03,T8082A;T8186C,ORF1a:M2606K;ORF1a:F2641L,12,537,0.0223463687150838,0,
3052026,BA.2_0.04_abundance_0.03,T8186C;A8224C,ORF1a:F2641L;ORF1a:E2653D,9,506,0.0177865612648221,0,
3052026,BA.2_0.04_abundance_0.03,A8378G;A8388T;T8421A;G8422C,ORF1a:K2705E;ORF1a:N2708I;ORF1a:M2719K;ORF1a:M2719I,5,256,0.01953125,0,
3052026,BA.2_0.04_abundance_0.03,C8664T;G8696C;T8918G;G8939A,ORF1a:T2800I;ORF1a:A2811P;ORF1a:L2885V;ORF1a:V2892I,12,548,0.0218978102189781,0,
3052026,BA.2_0.04_abundance_0.03,T8918G;G8939A;T8954C;G8975C;G9003C;A9023G;T9089A;C9122G;G9130C;G9137A;C9163T;G9173A;T9178G;T9183C;A9213G,ORF1a:L2885V;ORF1a:V2892I;ORF1a:Y2897H;ORF1a:E2904Q;ORF1a:C2913S;ORF1a:T2920A;ORF1a:S2942T;ORF1a:R2953G;ORF1a:V2955V;ORF1a:D2958N;ORF1a:N2966N;ORF1a:E2970K;ORF1a:G2971G;ORF1a:V2973A;ORF1a:Y2983C,5,281,0.0177935943060498,0,
3052026,BA.2_0.04_abundance_0.03,G8939A;T8954C;G8975C;G9003C;A9023G;T9089A;C9122G;G9130C;G9137A;C9163T;G9173A;T9178G;T9183C;A9213G,ORF1a:V2892I;ORF1a:Y2897H;ORF1a:E2904Q;ORF1a:C2913S;ORF1a:T2920A;ORF1a:S2942T;ORF1a:R2953G;ORF1a:V2955V;ORF1a:D2958N;ORF1a:N2966N;ORF1a:E2970K;ORF1a:G2971G;ORF1a:V2973A;ORF1a:Y2983C,42,1853,0.02266594711279,0,
3052026,BA.2_0.04_abundance_0.03,C9344T;C9362A;A9424G;C9534T,ORF1a:L3027F;ORF1a:P3033T;ORF1a:V3053V;ORF1a:T3090I,296,648,0.4567901234567901,0,
3052026,BA.2_0.04_abundance_0.03,C9344T;C9362A;A9424G,ORF1a:L3027F;ORF1a:P3033T;ORF1a:V3053V,60,775,0.0774193548387096,0,
3052026,BA.2_0.04_abundance_0.03,C9534T;T9814G,ORF1a:T3090I;ORF1a:F3183L,15,190,0.0789473684210526,0,
3052026,BA.2_0.04_abundance_0.03,C9534T;C9565G;T9574A;T9680A;T9695G;C9700A;G9705A;A9754C,ORF1a:T3090I;ORF1a:F3100L;ORF1a:G3103G;ORF1a:W3139R;ORF1a:Y3144D;ORF1a:I3145I;ORF1a:C3147Y;ORF1a:R3163S,9,260,0.0346153846153846,0,
3052026,BA.2_0.04_abundance_0.03,G10708T;C10714T;T10813G;A10842C;T10852A;C10871A;C10889G;T10913A;T10968G;A10972C;A10987G,ORF1a:W3481C;ORF1a:L3483L;ORF1a:L3516L;ORF1a:D3526A;ORF1a:A3529A;ORF1a:Q3536K;ORF1a:R3542G;ORF1a:L3550I;ORF1a:F3568C;ORF1a:Q3569H;ORF1a:R3574R,25,890,0.0280898876404494,0,
3052026,BA.2_0.04_abundance_0.03,G11064C;T11079G;T11107G;T11125G;T11135C;T11149A;T11164G;T11197G;G11230T;G11310T;T11331A,ORF1a:W3600S;ORF1a:F3605C;ORF1a:F3614L;ORF1a:A3620A;ORF1a:F3624L;ORF1a:F3628L;ORF1a:H3633Q;ORF1a:L3644L;ORF1a:M3655I;ORF1a:C3682F;ORF1a:V3689E,51,1538,0.0331599479843953,0,
3052026,BA.2_0.04_abundance_0.03,T11940C;C11942A;A11952T;A11991G;T11997G;C12005G;A12030G;G12052T;C12099A;A12103T;T12112G;C12123G;A12126T;A12130C,ORF1a:V3892A;ORF1a:Q3893K;ORF1a:N3896I;ORF1a:E3909G;ORF1a:M3911R;ORF1a:L3914V;ORF1a:Q3922R;ORF1a:K3929N;ORF1a:A3945D;ORF1a:S3946S;ORF1a:S3949R;ORF1a:S3953*;ORF1a:Y3954F;ORF1a:A3955A,72,2364,0.0304568527918781,0,
3052026,BA.2_0.04_abundance_0.03,G13076A;G13100T;T13111A;C13134G;A13139G;G13148C;A13169C;A13187G;C13206T;A13237C;G13332T;T13354C,ORF1a:A4271T;ORF1a:A4279S;ORF1a:D4282E;ORF1a:P4290R;ORF1a:T4292A;ORF1a:V4295L;ORF1a:T4302P;ORF1a:I4308V;ORF1a:A4314V;ORF1a:A4324A;ORF1a:C4356F;ORF1a:F4363F,45,1803,0.0249584026622296,0,
3052026,BA.2_0.04_abundance_0.03,T13354C;T13529A;T13545C;C13554A;A13581G;T13597G;A13611T;G13618C,ORF1a:F4363F;ORF1b:V21D;ORF1b:F26F;ORF1b:Y29*;ORF1b:K38K;ORF1b:C44G;ORF1b:Q48H;ORF1b:D51H,8,287,0.0278745644599303,0,
3052026,BA.2_0.04_abundance_0.03,T13529A;T13545C;C13554A;A13581G;T13597G;A13611T;G13618C,ORF1b:V21D;ORF1b:F26F;ORF1b:Y29*;ORF1b:K38K;ORF1b:C44G;ORF1b:Q48H;ORF1b:D51H,17,953,0.0178384050367261,0,
3052026,BA.2_0.04_abundance_0.03,A13969G;C13987T;A14012T;T14019A;G14020A;T14037C;C14057G;C14110G;A14121T;T14136A;A14142C;A14164T;G14187T;G14202A;T14221A;T14242C;A14258G,ORF1b:N168D;ORF1b:R174C;ORF1b:Q182L;ORF1b:C184*;ORF1b:D185N;ORF1b:A190A;ORF1b:T197R;ORF1b:Q215E;ORF1b:P218P;ORF1b:P223P;ORF1b:V225V;ORF1b:M233L;ORF1b:R240S;ORF1b:E245E;ORF1b:L252I;ORF1b:W259R;ORF1b:Y264C,19,739,0.0257104194857916,0,
3052026,BA.2_0.04_abundance_0.03,A14010T;C14178T,ORF1b:V181V;ORF1b:T237T,75,1248,0.0600961538461538,0,
3052026,BA.2_0.04_abundance_0.03,T14577A;C14583T;G14587C;C14618A;A14651C;T14652C;G14701T;C14760A;T14769G;A14795C;T14828G;T14846G;T14864G;T14880G,ORF1b:A370A;ORF1b:H372H;ORF1b:A374P;ORF1b:T384N;ORF1b:N395T;ORF1b:N395N;ORF1b:D412Y;ORF1b:F431L;ORF1b:A434A;ORF1b:D443A;ORF1b:M454R;ORF1b:L460R;ORF1b:V466G;ORF1b:F471L,5,194,0.0257731958762886,0,
3052026,BA.2_0.04_abundance_0.03,C14583T;G14587C;C14618A;A14651C;T14652C;G14701T;C14760A;T14769G;A14795C;T14828G;T14846G;T14864G;T14880G;C14889A,ORF1b:H372H;ORF1b:A374P;ORF1b:T384N;ORF1b:N395T;ORF1b:N395N;ORF1b:D412Y;ORF1b:F431L;ORF1b:A434A;ORF1b:D443A;ORF1b:M454R;ORF1b:L460R;ORF1b:V466G;ORF1b:F471L;ORF1b:Y474*,6,214,0.02803738317757,0,
3052026,BA.2_0.04_abundance_0.03,G14587C;C14618A;A14651C;T14652C;G14701T;C14760A;T14769G;A14795C;T14828G;T14846G;T14864G;T14880G;C14889A,ORF1b:A374P;ORF1b:T384N;ORF1b:N395T;ORF1b:N395N;ORF1b:D412Y;ORF1b:F431L;ORF1b:A434A;ORF1b:D443A;ORF1b:M454R;ORF1b:L460R;ORF1b:V466G;ORF1b:F471L;ORF1b:Y474*,10,408,0.0245098039215686,0,
3052026,BA.2_0.04_abundance_0.03,G15543A;G15550A;C15566A;A15580T;G15627C;G15649T;G15672A;C15714T;C15716T;T15729A;T15737A;A15742C;A15772G;A15845C,ORF1b:T692T;ORF1b:V695I;ORF1b:S700Y;ORF1b:K705*;ORF1b:E720D;ORF1b:V728F;ORF1b:E735E;ORF1b:L749L;ORF1b:S750F;ORF1b:V754V;ORF1b:F757Y;ORF1b:S759R;ORF1b:S769G;ORF1b:E793A,29,2155,0.0134570765661252,0,
3052026,BA.2_0.04_abundance_0.03,G15543A;G15550A;C15566A;A15580T;G15627C;A15645C;G15649T;G15672A;C15714T;C15716T;T15729A;T15737A;A15742C;A15772G;A15845C,ORF1b:T692T;ORF1b:V695I;ORF1b:S700Y;ORF1b:K705*;ORF1b:E720D;ORF1b:R726S;ORF1b:V728F;ORF1b:E735E;ORF1b:L749L;ORF1b:S750F;ORF1b:V754V;ORF1b:F757Y;ORF1b:S759R;ORF1b:S769G;ORF1b:E793A,22,2155,0.0102088167053364,0,
3052026,BA.2_0.04_abundance_0.03,A15645C;C15714T,ORF1b:R726S;ORF1b:L749L,1783,3842,0.4640812077043206,46,BA.5.2.6:1;BA.2.12.1:43;BA.5.1.6:1;BA.5.2:1
3052026,BA.2_0.04_abundance_0.03,A15645C;A15693G;C15714T,ORF1b:R726S;ORF1b:K742K;ORF1b:L749L,101,3842,0.0262883914627798,0,
3052026,BA.2_0.04_abundance_0.03,A15693G;C15714T,ORF1b:K742K;ORF1b:L749L,107,3842,0.027850078084331,598,BA.2:448;BA.5:12;BA.2.38:12;BQ.1:109;BQ.1.13:1;BQ.1.1:2;BQ.1.8:4;BA.5.2.1:3;BA.2.3:1;BE.1.1:1;BA.2.56:1;BA.2.12.1:1;BA.2.10:2;BA.5.5:1
3052026,BA.2_0.04_abundance_0.03,T15915G;T15916C;A15917T;T15920G;G15961C;T16004G;G16027C;A16055T;A16128T,ORF1b:D816E;ORF1b:Y817H;ORF1b:Y817F;ORF1b:V818G;ORF1b:G832R;ORF1b:M846R;ORF1b:A854P;ORF1b:H863L;ORF1b:T887T,21,879,0.0238907849829351,0,
3052026,BA.2_0.04_abundance_0.03,C15928G;T16074G,ORF1b:P821A;ORF1b:A869A,26,879,0.0295790671217292,0,
3052026,BA.2_0.04_abundance_0.03,T16074G;A16105G,ORF1b:A869A;ORF1b:R880G,35,879,0.0398179749715585,0,
3052026,BA.2_0.04_abundance_0.03,A16803C;C17083T,ORF1b:K1112N;ORF1b:P1206S,16,518,0.0308880308880308,0,
3052026,BA.2_0.04_abundance_0.03,T16908A;T16913C;A16923C;C16928T;G16959C;A16967G;C17000A,ORF1b:Y1147*;ORF1b:V1149A;ORF1b:S1152S;ORF1b:T1154I;ORF1b:V1164V;ORF1b:E1167G;ORF1b:T1178K,13,520,0.025,0,
3052026,BA.2_0.04_abundance_0.03,T17150G;T17208C;T17224G;T17226G;A17233G;A17269C;T17319C;T17364A;C17372A;T17379C;C17403G,ORF1b:V1228G;ORF1b:Y1247Y;ORF1b:C1253G;ORF1b:C1253W;ORF1b:I1256V;ORF1b:K1268Q;ORF1b:N1284N;ORF1b:I1299I;ORF1b:A1302D;ORF1b:N1304N;ORF1b:A1312A,49,3652,0.0134173055859802,0,
3052026,BA.2_0.04_abundance_0.03,G17395T;C17410T,ORF1b:V1310F;ORF1b:R1315C,55,2738,0.0200876552227903,0,
3052026,BA.2_0.04_abundance_0.03,C17410T;T17579G,ORF1b:R1315C;ORF1b:I1371S,32,218,0.146788990825688,0,
3052026,BA.2_0.04_abundance_0.03,C17410T;A17429C;T17442G;C17463A;G17469C;T17510G;A17525C;A17593G;G17602C;A17606C;A17614T;C17649T;C17710G;T17714A,ORF1b:R1315C;ORF1b:Y1321S;ORF1b:P1325P;ORF1b:R1332R;ORF1b:L1334F;ORF1b:V1348G;ORF1b:K1353T;ORF1b:S1376G;ORF1b:V1379L;ORF1b:Y1380S;ORF1b:K1383*;ORF1b:C1394C;ORF1b:Q1415E;ORF1b:I1416K,5,169,0.029585798816568,0,
3052026,BA.2_0.04_abundance_0.03,A17429C;T17442G;C17463A;G17469C;T17510G;A17525C;A17593G;G17602C;A17606C;A17614T;C17649T;C17710G;T17714A,ORF1b:Y1321S;ORF1b:P1325P;ORF1b:R1332R;ORF1b:L1334F;ORF1b:V1348G;ORF1b:K1353T;ORF1b:S1376G;ORF1b:V1379L;ORF1b:Y1380S;ORF1b:K1383*;ORF1b:C1394C;ORF1b:Q1415E;ORF1b:I1416K,41,1296,0.0316358024691358,0,
3052026,BA.2_0.04_abundance_0.03,C17710G;T17714A;C17762A;G17764T;T17771A;C17818T;T17859C;T17863G;C17885T;T17901G;T17922A;T17925G;C17933G;T17963A;A17969C,ORF1b:Q1415E;ORF1b:I1416K;ORF1b:A1432D;ORF1b:V1433F;ORF1b:I1435N;ORF1b:L1451L;ORF1b:Y1464Y;ORF1b:Y1466D;ORF1b:T1473I;ORF1b:S1478S;ORF1b:N1485K;ORF1b:V1486V;ORF1b:T1489S;ORF1b:M1499K;ORF1b:D1501A,8,366,0.0218579234972677,0,
3052026,BA.2_0.04_abundance_0.03,T17714A;C17762A;G17764T;T17771A;C17818T;T17859C;T17863G;C17885T;T17901G;T17922A;T17925G;C17933G;T17963A;A17969C,ORF1b:I1416K;ORF1b:A1432D;ORF1b:V1433F;ORF1b:I1435N;ORF1b:L1451L;ORF1b:Y1464Y;ORF1b:Y1466D;ORF1b:T1473I;ORF1b:S1478S;ORF1b:N1485K;ORF1b:V1486V;ORF1b:T1489S;ORF1b:M1499K;ORF1b:D1501A,10,720,0.0138888888888888,0,
3052026,BA.2_0.04_abundance_0.03,C17762A;G17764T;T17771A;C17818T;T17859C;T17863G;C17885T;T17901G;T17922A;T17925G;C17933G;T17963A;A17969C,ORF1b:A1432D;ORF1b:V1433F;ORF1b:I1435N;ORF1b:L1451L;ORF1b:Y1464Y;ORF1b:Y1466D;ORF1b:T1473I;ORF1b:S1478S;ORF1b:N1485K;ORF1b:V1486V;ORF1b:T1489S;ORF1b:M1499K;ORF1b:D1501A,11,1004,0.0109561752988047,0,
3052026,BA.2_0.04_abundance_0.03,G18089T;A18163G,ORF1b:G1541V;ORF1b:I1566V,11,74,0.1486486486486486,20,BA.2.1:11;BA.1.1:2;BE.1:1;BA.5.2.33:1;BA.5.2:2;BA.5.2.2:1;BA.2:2
3052026,BA.2_0.04_abundance_0.03,T18396A;T18402C,ORF1b:A1643A;ORF1b:P1645P,16,974,0.0164271047227926,0,
3052026,BA.2_0.04_abundance_0.03,C18976G;C19018T,ORF1b:Q1837E;ORF1b:P1851S,8,562,0.0142348754448398,0,
3052026,BA.2_0.04_abundance_0.03,A20055G;T20123C,ORF1b:E2196E;ORF1b:I2219T,116,179,0.6480446927374302,2,BA.2.7:1;BA.5:1
3052026,BA.2_0.04_abundance_0.03,C20648A;T20701C,ORF1b:P2394Q;ORF1b:Y2412H,10,345,0.0289855072463768,0,
3052026,BA.2_0.04_abundance_0.03,T21966G;G21987A,S:F135C;S:G142D,61,1710,0.035672514619883,0,
3052026,BA.2_0.04_abundance_0.03,A22553T;C22674T;T22679C;C22686T;A22688G;G22775A;A22786C;G22813T,S:N331Y;S:S371F;S:S373P;S:S375F;S:T376A;S:D405N;S:R408S;S:K417N,83,268,0.3097014925373134,1,BA.2:1
3052026,BA.2_0.04_abundance_0.03,A22553T;C22674T;T22679C;C22686T;A22688G;G22775A;A22786C;G22813T;G22859A,S:N331Y;S:S371F;S:S373P;S:S375F;S:T376A;S:D405N;S:R408S;S:K417N;S:V433I,11,191,0.0575916230366492,0,
3052026,BA.2_0.04_abundance_0.03,A22553T;C22674T;T22679C;C22686T;A22688G,S:N331Y;S:S371F;S:S373P;S:S375F;S:T376A,6,286,0.0209790209790209,1,BA.2:1
3052026,BA.2_0.04_abundance_0.03,C22674T;T22679C;C22686T;A22688G;G22775A;A22786C;G22813T;G22859A,S:S371F;S:S373P;S:S375F;S:T376A;S:D405N;S:R408S;S:K417N;S:V433I,48,467,0.1027837259100642,33,BA.5.1.2:2;BE.1:1;BA.4:1;BQ.1.1.4:1;BA.2.3:2;BA.5.2.1:3;BF.7.4.1:2;BQ.1.1.18:2;BA.5.2:2;XBB.1:2;BA.4.6:1;BF.7:1;BQ.1.22:1;BQ.1.1:2;BA.4.2:1;BQ.1:1;BE.1.1.2:2;BA.4.1:1;BA.5.2.21:1;BF.1:1;BA.5.1:1;BA.2.75:1;BA.4.4:1
3052026,BA.2_0.04_abundance_0.03,T23178A;A23181C;T23183C;G23222T;G23264C;T23272A;C23280A;C23286G;G23288T;T23289A;T23308A;G23309C;T23322A;A23357G;T23377G;C23393A;A23397C;A23403G;T23421C;T23468A,S:V539D;S:N540T;S:F541L;S:E554*;S:D568H;S:A570A;S:T573N;S:A575G;S:V576F;S:V576D;S:L582L;S:E583Q;S:I587N;S:T599A;S:S605S;S:L611I;S:Y612S;S:D614G;S:V620A;S:Y636N,28,1293,0.0216550657385924,0,
3052026,BA.2_0.04_abundance_0.03,T23178A;A23181C;T23183C;G23222T;G23264C;T23272A;C23280A;C23286G;G23288T;T23289A;T23308A;G23309C;T23322A;A23357G;T23377G;C23393A;A23397C;A23403G;T23421C;T23468A;T23487A,S:V539D;S:N540T;S:F541L;S:E554*;S:D568H;S:A570A;S:T573N;S:A575G;S:V576F;S:V576D;S:L582L;S:E583Q;S:I587N;S:T599A;S:S605S;S:L611I;S:Y612S;S:D614G;S:V620A;S:Y636N;S:V642D,5,249,0.0200803212851405,0,
3052026,BA.2_0.04_abundance_0.03,A23403G;A23445C,S:D614G;S:Q628P,167,1377,0.121278140885984,6,BA.1:2;BA.5.1.10:2;AY.25.1:1;B.1:1
3052026,BA.2_0.04_abundance_0.03,A23853T;C23854A;G23948T,S:N764I;S:N764K;S:D796Y,23,335,0.0686567164179104,15,BA.1:9;BA.5.6:1;BA.1.1:2;BQ.1.5:1;BA.2:2
3052026,BA.2_0.04_abundance_0.03,T24168A;A24424T,S:M869K;S:Q954H,17,825,0.0206060606060606,1,BA.1:1
3052026,BA.2_0.04_abundance_0.03,A24389C;A24424T,S:S943R;S:Q954H,56,826,0.0677966101694915,198,BA.2.10.1:4;BA.1.17.2:13;BA.1.1:49;BA.2:30;BA.2.10.2:1;BA.1.14.1:3;BA.2.10:54;BA.1.1.1:4;BA.1.15:12;BA.1:20;BA.1.14:2;BA.1.9:4;BA.5.3.1:1;BA.1.1.18:1
3052026,BA.2_0.04_abundance_0.03,A24389C;A24394G;A24424T,S:S943R;S:A944A;S:Q954H,14,826,0.0169491525423728,0,
3052026,BA.2_0.04_abundance_0.03,A24394G;A24424T,S:A944A;S:Q954H,174,826,0.2106537530266344,55,BA.5.2.1:9;BA.1.1:3;BA.5.1.5:5;BQ.1:1;BA.5.6:5;BA.2:12;BA.2.12.1:12;BA.5.2.22:1;BA.5.2:1;BA.1.1.18:1;BA.4.6.5:1;BA.1.15:1;BA.5:1;BA.2.10:1;BA.2.3:1
3052026,BA.2_0.04_abundance_0.03,A24424T;T24469A;T24685G,S:Q954H;S:N969K;S:D1041E,24,242,0.0991735537190082,4,BQ.1.5:1;BQ.1.23:2;BA.1.15:1
3052026,BA.2_0.04_abundance_0.03,A24424T;T24469A;A24587C,S:Q954H;S:N969K;S:T1009P,29,267,0.1086142322097378,0,
3052026,BA.2_0.04_abundance_0.03,A24424T;T24469A;A24730G,S:Q954H;S:N969K;S:A1056A,24,236,0.1016949152542373,34,BA.2.12.1:2;BA.5.1.10:6;BA.2.40.1:8;BA.1.1.1:1;BA.4:5;BA.5.2:1;BA.1.1:1;BA.2.12:2;BA.4.1.1:1;BA.1.1.14:1;BA.5.2.1:4;BA.2:1;BA.1.16:1
3052026,BA.2_0.04_abundance_0.03,T24469A;A24587C,S:N969K;S:T1009P,99,1199,0.0825688073394495,0,
3052026,BA.2_0.04_abundance_0.03,T24469A;A24730G,S:N969K;S:A1056A,90,1086,0.0828729281767955,34,BA.2.12.1:2;BA.5.1.10:6;BA.2.40.1:8;BA.1.1.1:1;BA.4:5;BA.5.2:1;BA.1.1:1;BA.2.12:2;BA.4.1.1:1;BA.1.1.14:1;BA.5.2.1:4;BA.2:1;BA.1.16:1
3052026,BA.2_0.04_abundance_0.03,T24469A;A24587C;T24685G,S:N969K;S:T1009P;S:D1041E,17,1115,0.0152466367713004,0,
3052026,BA.2_0.04_abundance_0.03,T24469A;A24587C;A24730G,S:N969K;S:T1009P;S:A1056A,15,1086,0.0138121546961325,0,
3052026,BA.2_0.04_abundance_0.03,T24469A;T24685G,S:N969K;S:D1041E,74,1115,0.0663677130044843,4,BQ.1.5:1;BQ.1.23:2;BA.1.15:1
3052026,BA.2_0.04_abundance_0.03,T24469A;T24685G;A24730G,S:N969K;S:D1041E;S:A1056A,21,1086,0.0193370165745856,0,
3052026,BA.2_0.04_abundance_0.03,A24730G;C25000T,S:A1056A;S:D1146D,56,336,0.1666666666666666,34,BA.2.40.1:8;BA.1.1.1:1;BA.4:5;BA.2.12:2;BA.1.1.14:1;BA.5.2.1:4;BA.2.12.1:2;BA.5.2:1;BA.1.1:1;BA.5.1.10:6;BA.2:1;BA.1.16:1;BA.4.1.1:1
3052026,BA.2_0.04_abundance_0.03,T25058C;T25070G;G25116T;T25129C;C25151T;A25195C;A25255T;T25268A;C25318G,S:L1166L;S:S1170A;S:R1185L;S:V1189V;S:L1197F;S:K1211N;S:T1231T;S:C1236S;S:S1252S,17,670,0.0253731343283582,0,
3052026,BA.2_0.04_abundance_0.03,C25318G;C25584T,S:S1252S;ORF3a:T64T,5,310,0.0161290322580645,39,BA.2:12;BA.5.1.30:8;BE.1.2.1:3;BA.1.1:3;BA.5.2:2;BA.5.1:7;BA.5.2.1:2;BA.5.5:1;BA.1.15:1
3052026,BA.2_0.04_abundance_0.03,A25799C;C25867G,ORF3a:K136T;ORF3a:P159A,16,512,0.03125,0,
3052026,BA.2_0.04_abundance_0.03,A26059G;T26080C;C26082T;A26115G;A26166C;T26168C;G26196A;A26197T;C26270T,ORF3a:T223A;ORF3a:F230L;ORF3a:F230F;ORF3a:E241E;ORF3a:P258P;ORF3a:V259A;ORF3a:T268T;ORF3a:T269S;E:T9I,8,156,0.0512820512820512,0,
3052026,BA.2_0.04_abundance_0.03,G26143A;T26156A;C26270T,ORF3a:G251S;ORF3a:V255D;E:T9I,6,157,0.0382165605095541,0,
3052026,BA.2_0.04_abundance_0.03,T26156A;C26270T,ORF3a:V255D;E:T9I,90,157,0.5732484076433121,1,BA.5.1:1
3052026,BA.2_0.04_abundance_0.03,A26547G;T26551A;C26577G;T26580G;A26592G;A26643T;T26657C;G26660C;G26696A;G26709A;G26713A;C26725A;A26738T;G26779C;T26794A;T26837A;G26852A;C26858T,M:T9A;M:V10D;M:Q19E;M:W20G;M:I24V;M:N41Y;M:F45F;M:L46F;M:W58*;M:A63T;M:C64Y;M:A68D;M:R72S;M:C86S;M:M91K;M:R105R;M:W110*;M:F112F,10,270,0.037037037037037,0,
3052026,BA.2_0.04_abundance_0.03,T26551A;C26577G;T26580G;A26592G;A26643T;T26657C;G26660C;G26696A;G26709A;G26713A;C26725A;A26738T;G26779C;T26794A;T26837A;G26852A;C26858T,M:V10D;M:Q19E;M:W20G;M:I24V;M:N41Y;M:F45F;M:L46F;M:W58*;M:A63T;M:C64Y;M:A68D;M:R72S;M:C86S;M:M91K;M:R105R;M:W110*;M:F112F,8,508,0.0157480314960629,0,
3052026,BA.2_0.04_abundance_0.03,C26577G;G26709A;C26858T;A26872T,M:Q19E;M:A63T;M:F112F;M:N117I,72,2094,0.0343839541547277,0,
3052026,BA.2_0.04_abundance_0.03,C26577G;G26709A;G26755T;C26858T,M:Q19E;M:A63T;M:G78V;M:F112F,121,3204,0.0377652933832709,24,BA.2:10;BA.2.12.1:2;BA.2.3.2:4;BA.4.6:2;BA.2.6:2;BA.2.10:2;BA.2.3.5:1;BA.2.38:1
3052026,BA.2_0.04_abundance_0.03,C26577G;T26580G;A26592G;A26643T;T26657C;G26660C;G26696A;G26709A;G26713A;C26725A;A26738T;G26779C;T26794A;T26837A;G26852A;C26858T,M:Q19E;M:W20G;M:I24V;M:N41Y;M:F45F;M:L46F;M:W58*;M:A63T;M:C64Y;M:A68D;M:R72S;M:C86S;M:M91K;M:R105R;M:W110*;M:F112F,81,3204,0.0252808988764044,0,
3052026,BA.2_0.04_abundance_0.03,A27234G;G27235C;A27237G;C27263A;A27290G;A27293C;A27334T;G27382C;A27383T;T27384C;T27462G,ORF6:I11M;ORF6:A12P;ORF6:A12A;ORF6:T21N;ORF6:D30G;ORF6:Y31S;ORF6:T45S;ORF6:D61H;ORF6:D61V;ORF6:D61D;ORF7a:C23W,10,472,0.0211864406779661,0,
3052026,BA.2_0.04_abundance_0.03,G27382C;A27383T;T27384C;T27462G,ORF6:D61H;ORF6:D61V;ORF6:D61D;ORF7a:C23W,309,472,0.6546610169491526,2,BA.4.1:1;BA.2:1
3052026,BA.2_0.04_abundance_0.03,A27825C;T27837C;T27901G;A27917G;A27965C;A27983T;T28010A;C28011A;T28130G,ORF7b:M24L;ORF7b:F28L;ORF8:F3C;ORF8:G8G;ORF8:S24S;ORF8:P30P;ORF8:I39I;ORF8:H40N;ORF8:Y79*,15,634,0.0236593059936908,0,
3052026,BA.2_0.04_abundance_0.03,T28130G;A28173T;G28183A;T28192G;A28207C;T28224G;A28274C;C28291G;A28295T;G28307A;C28311T;G28337T;C28344A;G28375T,ORF8:Y79*;ORF8:K94*;ORF8:S97N;ORF8:V100G;ORF8:Y105S;ORF8:Y111D;N:MX;N:P6P;N:N8Y;N:A12T;N:P13L;N:D22Y;N:T24N;N:G34G,62,2404,0.0257903494176372,0,
3052026,BA.2_0.04_abundance_0.03,T28130G;A28173T;G28183A;T28192G;A28207C;T28224G;A28274C;C28291G;A28295T;G28307A;C28311T;G28337T;C28344A;G28375T;C28437A,ORF8:Y79*;ORF8:K94*;ORF8:S97N;ORF8:V100G;ORF8:Y105S;ORF8:Y111D;N:MX;N:P6P;N:N8Y;N:A12T;N:P13L;N:D22Y;N:T24N;N:G34G;N:A55D,5,101,0.0495049504950495,0,
3052026,BA.2_0.04_abundance_0.03,C28437A;C28471A;C28512A;G28551T;G28580A;A28626T;A28633G,N:A55D;N:F66L;N:P80Q;N:R93L;N:D103N;N:E118V;N:G120G,11,395,0.0278481012658227,0,
3052026,BA.2_0.04_abundance_0.03,T29036G;A29039C;C29061T;C29067G;A29079C;G29106T;G29132T;A29181T;G29204T;T29225G;A29237G;C29247T;A29267G;C29280A,N:S255A;N:K256Q;N:T263I;N:T265S;N:N269T;N:G278V;N:G287W;N:Q303L;N:A311S;N:S318A;N:M322V;N:T325I;N:T332A;N:A336D,29,1410,0.0205673758865248,0,
